{"stats":{"minecraft:killed":{"minecraft:cave_spider":5,"minecraft:skeleton":21,"minecraft:chicken":3,"minecraft:magma_cube":25,"minecraft:iron_golem":3,"minecraft:pillager":7,"minecraft:zombie":35,"minecraft:cow":12,"minecraft:vindicator":1,"minecraft:husk":6,"minecraft:breeze":2,"minecraft:enderman":457,"minecraft:spider":12,"minecraft:silverfish":3,"minecraft:zombie_villager":1,"minecraft:creeper":5,"minecraft:sheep":15,"minecraft:stray":31,"minecraft:blaze":36,"minecraft:vex":1,"minecraft:slime":34,"minecraft:squid":1,"minecraft:wither_skeleton":6,"minecraft:villager":10},"minecraft:mined":{"minecraft:white_bed":6,"minecraft:carved_pumpkin":7,"minecraft:obsidian":28,"minecraft:granite":796,"minecraft:stone_brick_wall":39,"minecraft:chiseled_tuff_bricks":4,"minecraft:hopper":22,"minecraft:crimson_fungus":1,"minecraft:oxeye_daisy":1,"minecraft:oak_wall_sign":2,"minecraft:nether_wart":40,"minecraft:spawner":2,"minecraft:tall_seagrass":2,"minecraft:magma_block":18,"minecraft:sticky_piston":1,"minecraft:cobbled_deepslate":21,"minecraft:fire":67,"minecraft:pumpkin":3,"minecraft:moss_carpet":122,"minecraft:fletching_table":7,"minecraft:deepslate_lapis_ore":33,"minecraft:nether_brick_stairs":1,"minecraft:twisting_vines":3,"minecraft:sculk_shrieker":1,"minecraft:dirt_path":53,"minecraft:oak_stairs":100,"minecraft:iron_block":1,"minecraft:tripwire":1,"minecraft:brown_mushroom":11,"minecraft:kelp_plant":48,"minecraft:smoker":2,"minecraft:soul_fire":1,"minecraft:torch":1,"minecraft:blast_furnace":7,"minecraft:nether_brick_slab":1,"minecraft:sugar_cane":35,"minecraft:waxed_copper_bulb":5,"minecraft:repeater":16,"minecraft:wheat":63,"minecraft:lilac":1,"minecraft:waxed_copper_block":14,"minecraft:warped_fungus":8,"minecraft:oak_fence_gate":1,"minecraft:piston":1,"minecraft:deepslate":13105,"minecraft:attached_pumpkin_stem":1,"minecraft:mossy_cobblestone":15,"minecraft:shulker_box":24,"minecraft:end_stone":70,"minecraft:crafter":17,"minecraft:nether_bricks":96,"minecraft:cobbled_deepslate_slab":2,"minecraft:redstone_wire":102,"minecraft:moss_block":1634,"minecraft:kelp":2,"minecraft:waxed_oxidized_cut_copper":3,"minecraft:waxed_copper_grate":8,"minecraft:andesite":859,"minecraft:potatoes":376,"minecraft:cobblestone_slab":4,"minecraft:rail":159,"minecraft:bamboo":18,"minecraft:smithing_table":2,"minecraft:oak_slab":3,"minecraft:redstone_block":4,"minecraft:glass_pane":8,"minecraft:comparator":31,"minecraft:soul_sand":31,"minecraft:observer":1,"minecraft:stone_brick_slab":18,"minecraft:dandelion":12,"minecraft:cornflower":1,"minecraft:short_grass":983,"minecraft:warped_roots":9,"minecraft:tall_grass":164,"minecraft:copper_ore":82,"minecraft:deepslate_gold_ore":77,"minecraft:diorite":440,"minecraft:warped_wart_block":3,"minecraft:birch_leaves":16,"minecraft:gravel":260,"minecraft:dripstone_block":5,"minecraft:polished_tuff_wall":7,"minecraft:cobweb":62,"minecraft:stone_bricks":3,"minecraft:gold_ore":9,"minecraft:sculk_vein":1,"minecraft:brewing_stand":1,"minecraft:grass_block":1948,"minecraft:soul_soil":25,"minecraft:composter":5,"minecraft:frosted_ice":7,"minecraft:tuff_bricks":16,"minecraft:glowstone":21,"minecraft:sculk_catalyst":1,"minecraft:iron_ore":100,"minecraft:polished_tuff":8,"minecraft:azure_bluet":1,"minecraft:iron_bars":11,"minecraft:polished_tuff_slab":1,"minecraft:azalea":80,"minecraft:deepslate_redstone_ore":80,"minecraft:twisting_vines_plant":3,"minecraft:chest":10,"minecraft:cobblestone":205,"minecraft:slime_block":2,"minecraft:oak_planks":148,"minecraft:wall_torch":11,"minecraft:deepslate_copper_ore":15,"minecraft:seagrass":4,"minecraft:warped_nylium":24,"minecraft:powered_rail":46,"minecraft:birch_log":30,"minecraft:stripped_oak_wood":1,"minecraft:oak_log":423,"minecraft:beetroots":4,"minecraft:sand":76,"minecraft:dirt":3169,"minecraft:dispenser":3,"minecraft:netherrack":246,"minecraft:oak_leaves":547,"minecraft:redstone_lamp":5,"minecraft:tuff":1886,"minecraft:deepslate_diamond_ore":76,"minecraft:candle":3,"minecraft:oak_door":6,"minecraft:ladder":1,"minecraft:lever":7,"minecraft:decorated_pot":29,"minecraft:spruce_leaves":2,"minecraft:hay_block":7,"minecraft:oak_trapdoor":10,"minecraft:furnace":3,"minecraft:carrots":169,"minecraft:nether_sprouts":2,"minecraft:bell":2,"minecraft:nether_brick_fence":2,"minecraft:deepslate_iron_ore":93,"minecraft:shroomlight":1,"minecraft:stripped_oak_log":16,"minecraft:packed_ice":4,"minecraft:chorus_plant":1,"minecraft:stone":10064,"minecraft:redstone_wall_torch":2,"minecraft:flowering_azalea":41,"minecraft:basalt":36,"minecraft:oak_fence":3,"minecraft:crafting_table":15,"minecraft:sculk_sensor":4,"minecraft:lectern":10,"minecraft:stone_slab":192,"minecraft:lapis_ore":2,"minecraft:sculk":4,"minecraft:cactus":1,"minecraft:redstone_torch":20,"minecraft:yellow_bed":27,"minecraft:coal_ore":122},"minecraft:killed_by":{"minecraft:vindicator":4,"minecraft:zombie":2,"minecraft:vex":5,"minecraft:ender_dragon":3,"minecraft:slime":2,"minecraft:wither":1,"minecraft:creeper":3,"minecraft:blaze":2,"minecraft:player":1,"minecraft:enderman":4,"minecraft:iron_golem":1,"minecraft:skeleton":2},"minecraft:crafted":{"minecraft:ender_chest":1,"minecraft:yellow_wool":6,"minecraft:smooth_stone":2,"minecraft:oak_sign":18,"minecraft:blaze_powder":2,"minecraft:oak_pressure_plate":2,"minecraft:birch_boat":1,"minecraft:slime_block":12,"minecraft:lever":5,"minecraft:diamond_shovel":2,"minecraft:bookshelf":1,"minecraft:cooked_mutton":9,"minecraft:glass":129,"minecraft:diamond_helmet":1,"minecraft:repeater":4,"minecraft:diamond_leggings":2,"minecraft:stone_pressure_plate":47,"minecraft:name_tag":6,"minecraft:glass_bottle":3,"minecraft:redstone_lamp":2,"minecraft:emerald":366,"minecraft:cooked_porkchop":2,"minecraft:diamond_axe":2,"minecraft:smithing_table":1,"minecraft:sticky_piston":2,"minecraft:fletching_table":1,"minecraft:lectern":1,"minecraft:crafter":2,"minecraft:stone_slab":5407,"minecraft:iron_pickaxe":1,"minecraft:iron_block":151,"minecraft:gold_ingot":182,"minecraft:composter":1,"minecraft:stone_shovel":3,"minecraft:diamond_hoe":6,"minecraft:wind_charge":8,"minecraft:yellow_bed":2,"minecraft:bone_meal":297,"minecraft:polished_tuff":56,"minecraft:lantern":12,"minecraft:ladder":9,"minecraft:stone_pickaxe":5,"minecraft:diamond_boots":2,"minecraft:redstone_block":50,"minecraft:wheat":63,"minecraft:enchanted_book":15,"minecraft:oak_fence_gate":4,"minecraft:golden_apple":2,"minecraft:fermented_spider_eye":1,"minecraft:iron_shovel":3,"minecraft:iron_leggings":3,"minecraft:white_bed":8,"minecraft:oak_planks":1272,"minecraft:cobblestone_slab":6,"minecraft:barrel":4,"minecraft:stone":40,"minecraft:hopper":31,"minecraft:stone_brick_slab":12,"minecraft:bow":4,"minecraft:iron_boots":1,"minecraft:comparator":5,"minecraft:chest":67,"minecraft:oak_button":6,"minecraft:rail":176,"minecraft:stone_hoe":6,"minecraft:ender_eye":1,"minecraft:oak_fence":3,"minecraft:stone_bricks":24,"minecraft:dropper":2,"minecraft:oak_slab":66,"minecraft:cauldron":1,"minecraft:crafting_table":14,"minecraft:wooden_pickaxe":1,"minecraft:baked_potato":392,"minecraft:iron_helmet":11,"minecraft:hopper_minecart":3,"minecraft:birch_planks":88,"minecraft:pumpkin_seeds":16,"minecraft:dispenser":2,"minecraft:book":3,"minecraft:iron_chestplate":1,"minecraft:paper":42,"minecraft:diamond_pickaxe":2,"minecraft:yellow_dye":8,"minecraft:shield":5,"minecraft:stick":652,"minecraft:iron_ingot":1464,"minecraft:redstone_torch":56,"minecraft:shears":4,"minecraft:cobbled_deepslate_slab":18,"minecraft:nether_brick_slab":12,"minecraft:redstone":234,"minecraft:furnace":1,"minecraft:blast_furnace":2,"minecraft:piston":6,"minecraft:oak_trapdoor":18,"minecraft:iron_axe":1,"minecraft:iron_hoe":1,"minecraft:observer":2,"minecraft:minecart":3,"minecraft:cooked_beef":11,"minecraft:sugar":1,"minecraft:diamond_sword":2,"minecraft:powered_rail":300,"minecraft:iron_sword":1,"minecraft:bowl":4,"minecraft:bucket":8,"minecraft:stone_axe":1,"minecraft:bread":21,"minecraft:air":0,"minecraft:oak_boat":6,"minecraft:white_wool":16,"minecraft:torch":216,"minecraft:diamond_chestplate":1},"minecraft:picked_up":{"minecraft:iron_chestplate":20,"minecraft:smithing_table":2,"minecraft:stone_slab":490,"minecraft:diamond_sword":22,"minecraft:oak_stairs":135,"minecraft:enchanted_book":3,"minecraft:brewing_stand":1,"minecraft:golden_sword":2,"minecraft:string":203,"minecraft:soul_soil":24,"minecraft:shroomlight":1,"minecraft:sculk_shrieker":1,"minecraft:diamond_leggings":14,"minecraft:cobbled_deepslate":409,"minecraft:trial_key":10,"minecraft:hopper_minecart":10,"minecraft:enchanted_golden_apple":1,"minecraft:golden_helmet":14,"minecraft:composter":6,"minecraft:waxed_copper_grate":6,"minecraft:golden_chestplate":1,"minecraft:bamboo_block":2,"minecraft:stone_sword":10,"minecraft:honey_bottle":1,"minecraft:iron_block":133,"minecraft:carved_pumpkin":8,"minecraft:glowstone":13,"minecraft:blaze_rod":38,"minecraft:iron_bars":47,"minecraft:birch_log":43,"minecraft:magma_block":60,"minecraft:cooked_beef":42,"minecraft:feather":3,"minecraft:water_bucket":12,"minecraft:brown_wool":2,"minecraft:smoker":2,"minecraft:flint":25,"minecraft:twisting_vines":3,"minecraft:diamond_helmet":14,"minecraft:glowstone_dust":42,"minecraft:moss_block":896,"minecraft:honeycomb":5,"minecraft:warped_wart_block":6,"minecraft:ink_sac":3,"minecraft:dark_oak_log":5,"minecraft:barrel":1,"minecraft:dispenser":5,"minecraft:deepslate":6622,"minecraft:lever":7,"minecraft:deepslate_gold_ore":64,"minecraft:granite":409,"minecraft:chainmail_helmet":2,"minecraft:golden_horse_armor":5,"minecraft:bread":38,"minecraft:music_disc_precipice":1,"minecraft:ominous_trial_key":1,"minecraft:diamond_pickaxe":34,"minecraft:crafting_table":22,"minecraft:ominous_bottle":3,"minecraft:nether_wart":93,"minecraft:redstone_lamp":5,"minecraft:leather_leggings":4,"minecraft:wind_charge":2,"minecraft:cornflower":8,"minecraft:elytra":11,"minecraft:flint_and_steel":4,"minecraft:iron_shovel":3,"minecraft:deepslate_diamond_ore":79,"minecraft:poppy":120,"minecraft:minecart":12,"minecraft:chest":13,"minecraft:birch_sapling":1,"minecraft:piston":1,"minecraft:diamond_hoe":12,"minecraft:egg":10,"minecraft:copper_ore":32,"minecraft:stone":9642,"minecraft:oak_door":14,"minecraft:carrot":928,"minecraft:redstone":653,"minecraft:music_disc_creator_music_box":1,"minecraft:diamond_chestplate":15,"minecraft:decorated_pot":27,"minecraft:beetroot_seeds":4,"minecraft:shears":4,"minecraft:diamond_boots":17,"minecraft:hay_block":7,"minecraft:gold_ingot":18,"minecraft:tuff_bricks":13,"minecraft:mutton":16,"minecraft:rail":329,"minecraft:white_wool":14,"minecraft:oxeye_daisy":2,"minecraft:stripped_oak_log":16,"minecraft:yellow_dye":2,"minecraft:red_mushroom":6,"minecraft:crafter":18,"minecraft:oak_log":681,"minecraft:sculk_vein":1,"minecraft:white_banner":4,"minecraft:stone_bricks":1,"minecraft:apple":17,"minecraft:kelp":494,"minecraft:stone_pickaxe":3,"minecraft:oak_fence_gate":3,"minecraft:iron_ore":57,"minecraft:iron_sword":4,"minecraft:flowering_azalea":24,"minecraft:sculk":3,"minecraft:gravel":238,"minecraft:spruce_sapling":3,"minecraft:dragon_egg":1,"minecraft:polished_tuff":8,"minecraft:firework_rocket":8,"minecraft:diamond_shovel":17,"minecraft:coal_ore":107,"minecraft:slime_ball":48,"minecraft:stone_axe":2,"minecraft:diamond_axe":7,"minecraft:deepslate_redstone_ore":52,"minecraft:gray_wool":2,"minecraft:warped_roots":41,"minecraft:oak_button":3,"minecraft:baked_potato":567,"minecraft:warped_nylium":13,"minecraft:hopper":35,"minecraft:ender_pearl":608,"minecraft:wheat":10,"minecraft:redstone_block":46,"minecraft:ender_chest":1,"minecraft:nether_brick_fence":9,"minecraft:raw_copper":9,"minecraft:deepslate_lapis_ore":38,"minecraft:sticky_piston":1,"minecraft:smooth_stone_slab":6,"minecraft:iron_leggings":23,"minecraft:oak_sign":4,"minecraft:smooth_stone":2,"minecraft:comparator":31,"minecraft:bucket":11,"minecraft:redstone_torch":35,"minecraft:cobblestone_slab":6,"minecraft:ender_eye":5,"minecraft:azalea":25,"minecraft:iron_pickaxe":5,"minecraft:deepslate_iron_ore":71,"minecraft:iron_boots":14,"minecraft:furnace":7,"minecraft:tipped_arrow":40,"minecraft:stick":261,"minecraft:oak_fence":6,"minecraft:torch":117,"minecraft:pointed_dripstone":1,"minecraft:diorite":222,"minecraft:cactus":1,"minecraft:rotten_flesh":103,"minecraft:deepslate_copper_ore":15,"minecraft:obsidian":25,"minecraft:cobblestone":593,"minecraft:lilac":1,"minecraft:magma_cream":54,"minecraft:repeater":23,"minecraft:andesite":170,"minecraft:golden_leggings":1,"minecraft:potato":1247,"minecraft:tuff":1423,"minecraft:wither_skeleton_skull":1,"minecraft:dirt":2928,"minecraft:lapis_lazuli":43,"minecraft:bone":139,"minecraft:bow":1,"minecraft:wheat_seeds":228,"minecraft:bell":2,"minecraft:raw_gold":166,"minecraft:cobbled_deepslate_slab":47,"minecraft:bolt_armor_trim_smithing_template":1,"minecraft:fletching_table":7,"minecraft:bamboo":937,"minecraft:powered_rail":164,"minecraft:scrape_pottery_sherd":2,"minecraft:oak_planks":354,"minecraft:stone_hoe":3,"minecraft:oak_pressure_plate":4,"minecraft:poisonous_potato":13,"minecraft:sand":113,"minecraft:nether_brick_stairs":1,"minecraft:grass_block":139,"minecraft:shulker_box":32,"minecraft:mossy_cobblestone":17,"minecraft:slime_block":2,"minecraft:diamond":48,"minecraft:crossbow":1,"minecraft:breeze_rod":14,"minecraft:bone_meal":264,"minecraft:golden_apple":1,"minecraft:emerald":93,"minecraft:oak_sapling":23,"minecraft:netherrack":411,"minecraft:chorus_fruit":3,"minecraft:oak_leaves":357,"minecraft:waxed_oxidized_cut_copper":3,"minecraft:azure_bluet":5,"minecraft:polished_tuff_wall":163,"minecraft:ladder":36,"minecraft:brown_mushroom":11,"minecraft:packed_ice":46,"minecraft:stone_brick_wall":318,"minecraft:diamond_horse_armor":2,"minecraft:brick":14,"minecraft:shield":10,"minecraft:oak_trapdoor":24,"minecraft:moss_carpet":316,"minecraft:iron_axe":6,"minecraft:candle":10,"minecraft:oak_boat":30,"minecraft:observer":1,"minecraft:lectern":8,"minecraft:sugar_cane":77,"minecraft:raw_iron":39,"minecraft:end_stone":117,"minecraft:bamboo_hanging_sign":7,"minecraft:bowl":8,"minecraft:trident":1,"minecraft:arrow":136,"minecraft:nether_bricks":121,"minecraft:saddle":6,"minecraft:basalt":36,"minecraft:golden_carrot":34,"minecraft:glow_ink_sac":2,"minecraft:leather":11,"minecraft:mushroom_stew":2,"minecraft:waxed_copper_bulb":5,"minecraft:crimson_fungus":3,"minecraft:waxed_copper_block":11,"minecraft:yellow_bed":36,"minecraft:gunpowder":2,"minecraft:cooked_mutton":25,"minecraft:iron_ingot":1830,"minecraft:polished_tuff_slab":1,"minecraft:cooked_chicken":3,"minecraft:stripped_oak_wood":1,"minecraft:soul_sand":57,"minecraft:book":352,"minecraft:scaffolding":66,"minecraft:oak_slab":25,"minecraft:warped_fungus":22,"minecraft:pumpkin":3,"minecraft:birch_boat":1,"minecraft:stone_brick_slab":30,"minecraft:quartz":64,"minecraft:dandelion":38,"minecraft:dripstone_block":20,"minecraft:lava_bucket":3,"minecraft:blast_furnace":7,"minecraft:white_bed":12,"minecraft:nether_brick_slab":1,"minecraft:gold_ore":5,"minecraft:spider_eye":18,"minecraft:stripped_jungle_log":2,"minecraft:pumpkin_seeds":52,"minecraft:sculk_sensor":4,"minecraft:iron_helmet":7,"minecraft:black_wool":1,"minecraft:chiseled_tuff_bricks":4,"minecraft:coal":187},"minecraft:broken":{"minecraft:shears":1,"minecraft:iron_shovel":1,"minecraft:stone_shovel":1},"minecraft:custom":{"minecraft:interact_with_crafting_table":230,"minecraft:open_barrel":13,"minecraft:bell_ring":20,"minecraft:leave_game":17,"minecraft:time_since_death":18625,"minecraft:damage_blocked_by_shield":1849,"minecraft:play_time":1999258,"minecraft:deaths":47,"minecraft:jump":22600,"minecraft:enchant_item":13,"minecraft:interact_with_furnace":134,"minecraft:traded_with_villager":455,"minecraft:sleep_in_bed":63,"minecraft:damage_dealt":78301,"minecraft:interact_with_smoker":34,"minecraft:use_cauldron":2,"minecraft:inspect_dispenser":18,"minecraft:interact_with_smithing_table":6,"minecraft:interact_with_anvil":1,"minecraft:inspect_hopper":58,"minecraft:sneak_time":184951,"minecraft:interact_with_blast_furnace":163,"minecraft:total_world_time":1999258,"minecraft:interact_with_stonecutter":4,"minecraft:time_since_rest":18651,"minecraft:swim_one_cm":217578,"minecraft:fly_one_cm":5853496,"minecraft:open_chest":1888,"minecraft:fall_one_cm":530567,"minecraft:open_shulker_box":66,"minecraft:damage_resisted":82,"minecraft:sprint_one_cm":2973370,"minecraft:drop":551,"minecraft:talked_to_villager":280,"minecraft:interact_with_brewingstand":12,"minecraft:walk_on_water_one_cm":154075,"minecraft:open_enderchest":32,"minecraft:interact_with_beacon":4,"minecraft:player_kills":1,"minecraft:crouch_one_cm":732830,"minecraft:mob_kills":833,"minecraft:fill_cauldron":3,"minecraft:climb_one_cm":17869,"minecraft:walk_one_cm":5376666,"minecraft:walk_under_water_one_cm":271338,"minecraft:boat_one_cm":109289,"minecraft:interact_with_grindstone":2,"minecraft:damage_taken":32527,"minecraft:damage_absorbed":40,"minecraft:aviate_one_cm":216060},"minecraft:dropped":{"minecraft:ominous_bottle":3,"minecraft:cooked_beef":8,"minecraft:diamond":7,"minecraft:warped_roots":5,"minecraft:rail":1,"minecraft:dirt":276,"minecraft:bone_meal":59,"minecraft:sand":3,"minecraft:bone":1,"minecraft:stone_axe":1,"minecraft:cooked_chicken":3,"minecraft:cobbled_deepslate":26,"minecraft:obsidian":2,"minecraft:rotten_flesh":13,"minecraft:oak_planks":4,"minecraft:azure_bluet":1,"minecraft:nether_brick_fence":5,"minecraft:white_bed":12,"minecraft:warped_wart_block":1,"minecraft:lectern":1,"minecraft:enchanted_book":2,"minecraft:iron_ingot":479,"minecraft:wheat_seeds":76,"minecraft:deepslate_redstone_ore":7,"minecraft:cobblestone":66,"minecraft:iron_helmet":8,"minecraft:granite":127,"minecraft:oxeye_daisy":1,"minecraft:ink_sac":3,"minecraft:wooden_axe":1,"minecraft:smooth_stone":2,"minecraft:iron_shovel":1,"minecraft:string":2,"minecraft:moss_carpet":6,"minecraft:stone_sword":1,"minecraft:bowl":2,"minecraft:deepslate":966,"minecraft:diamond_hoe":3,"minecraft:stone_slab":192,"minecraft:nether_bricks":5,"minecraft:polished_tuff_wall":58,"minecraft:diamond_sword":3,"minecraft:stone":279,"minecraft:diamond_pickaxe":2,"minecraft:yellow_bed":2,"minecraft:stone_pressure_plate":47,"minecraft:spider_eye":11,"minecraft:bamboo":23,"minecraft:gold_ore":4,"minecraft:moss_block":150,"minecraft:brown_mushroom":5,"minecraft:warped_fungus":2,"minecraft:oak_log":147,"minecraft:baked_potato":57,"minecraft:ender_pearl":431,"minecraft:flint":6,"minecraft:gold_ingot":5,"minecraft:gravel":68,"minecraft:diamond_shovel":1,"minecraft:cooked_mutton":9,"minecraft:carrot":2168,"minecraft:poppy":677,"minecraft:gunpowder":2,"minecraft:azalea":7,"minecraft:chest":6,"minecraft:iron_ore":6,"minecraft:arrow":5,"minecraft:quartz":30,"minecraft:oak_leaves":18,"minecraft:netherrack":34,"minecraft:stone_hoe":5,"minecraft:water_bucket":4,"minecraft:bread":11,"minecraft:deepslate_iron_ore":16,"minecraft:poisonous_potato":4,"minecraft:grass_block":14,"minecraft:stick":9,"minecraft:iron_block":108,"minecraft:diorite":146,"minecraft:torch":46,"minecraft:iron_leggings":1,"minecraft:flowering_azalea":2,"minecraft:iron_axe":1,"minecraft:redstone_block":2,"minecraft:dandelion":1,"minecraft:redstone":84,"minecraft:warped_nylium":1,"minecraft:ender_chest":1,"minecraft:blaze_rod":7,"minecraft:tuff":31,"minecraft:composter":3,"minecraft:wither_skeleton_skull":1,"minecraft:ender_eye":1,"minecraft:dirt_path":1,"minecraft:shulker_box":5,"minecraft:flint_and_steel":1,"minecraft:copper_ore":15,"minecraft:shield":2,"minecraft:trial_key":2,"minecraft:diamond_chestplate":1,"minecraft:iron_chestplate":1,"minecraft:andesite":128,"minecraft:oak_sapling":4,"minecraft:stone_pickaxe":2},"minecraft:used":{"minecraft:moss_block":12,"minecraft:tuff_bricks":13,"minecraft:dispenser":1,"minecraft:ladder":3,"minecraft:elytra":2,"minecraft:chest":49,"minecraft:brown_concrete":6,"minecraft:stone":2745,"minecraft:soul_sand":11,"minecraft:crafter":20,"minecraft:packed_ice":25,"minecraft:lava_bucket":7,"minecraft:villager_spawn_egg":13,"minecraft:grass_block":40,"minecraft:ominous_bottle":1,"minecraft:furnace":2,"minecraft:potato":442,"minecraft:diorite":53,"minecraft:chorus_fruit":1,"minecraft:powered_rail":290,"minecraft:cactus":17,"minecraft:wooden_pickaxe":6,"minecraft:composter":3,"minecraft:oak_leaves":309,"minecraft:golden_apple":1,"minecraft:sand":25,"minecraft:blast_furnace":9,"minecraft:pumpkin_seeds":21,"minecraft:deepslate_iron_ore":39,"minecraft:lectern":8,"minecraft:oak_pressure_plate":6,"minecraft:lilac":1,"minecraft:chiseled_tuff_bricks":2,"minecraft:diamond_sword":1038,"minecraft:smithing_table":3,"minecraft:oak_boat":31,"minecraft:oak_trapdoor":28,"minecraft:iron_bars":2,"minecraft:stone_sword":1,"minecraft:carved_pumpkin":27,"minecraft:trial_key":5,"minecraft:netherrack":223,"minecraft:torch":459,"minecraft:brewing_stand":1,"minecraft:twisting_vines":2,"minecraft:nether_brick_slab":12,"minecraft:oak_fence_gate":7,"minecraft:iron_block":100,"minecraft:iron_axe":43,"minecraft:slime_block":14,"minecraft:barrel":4,"minecraft:bamboo":187,"minecraft:diamond_chestplate":1,"minecraft:glowstone":4,"minecraft:cobbled_deepslate":73,"minecraft:observer":3,"minecraft:water_bucket":33,"minecraft:dirt_path":1,"minecraft:cauldron":1,"minecraft:fletching_table":7,"minecraft:mossy_cobblestone":11,"minecraft:rail":261,"minecraft:comparator":36,"minecraft:oak_slab":22,"minecraft:crafting_table":21,"minecraft:white_bed":4,"minecraft:oak_log":21,"minecraft:ender_eye":2,"minecraft:diamond_pickaxe":29569,"minecraft:cornflower":1,"minecraft:oxeye_daisy":1,"minecraft:ominous_trial_key":1,"minecraft:diamond_shovel":4877,"minecraft:stripped_jungle_log":2,"minecraft:wind_charge":8,"minecraft:oak_button":7,"minecraft:iron_pickaxe":57,"minecraft:cobblestone":366,"minecraft:cooked_porkchop":4,"minecraft:kelp":123,"minecraft:brown_mushroom_block":2,"minecraft:diamond_leggings":1,"minecraft:iron_shovel":540,"minecraft:diamond_hoe":2083,"minecraft:oak_sign":16,"minecraft:shield":43,"minecraft:iron_sword":186,"minecraft:zombie_spawn_egg":5,"minecraft:bell":2,"minecraft:iron_chestplate":4,"minecraft:nether_bricks":25,"minecraft:carrot":279,"minecraft:waxed_copper_grate":3,"minecraft:tuff":9,"minecraft:obsidian":5,"minecraft:glass":106,"minecraft:warped_nylium":6,"minecraft:iron_helmet":2,"minecraft:hopper_minecart":9,"minecraft:stone_bricks":11,"minecraft:deepslate_diamond_ore":55,"minecraft:repeater":28,"minecraft:redstone_lamp":7,"minecraft:magma_block":228,"minecraft:diamond_boots":2,"minecraft:stone_pickaxe":95,"minecraft:oak_planks":138,"minecraft:ender_pearl":73,"minecraft:redstone_block":26,"minecraft:diamond_axe":1048,"minecraft:mushroom_stew":2,"minecraft:crossbow":4,"minecraft:deepslate_redstone_ore":45,"minecraft:stone_brick_wall":196,"minecraft:end_stone":57,"minecraft:shears":365,"minecraft:polished_tuff":6,"minecraft:redstone_torch":47,"minecraft:sticky_piston":3,"minecraft:lever":11,"minecraft:firework_rocket":5,"minecraft:bread":18,"minecraft:string":1,"minecraft:deepslate":1815,"minecraft:gravel":3,"minecraft:golden_helmet":3,"minecraft:andesite":22,"minecraft:smooth_stone_slab":6,"minecraft:bone_meal":553,"minecraft:oak_fence":4,"minecraft:netherite_sword":9,"minecraft:flint_and_steel":46,"minecraft:stone_shovel":273,"minecraft:redstone":135,"minecraft:polished_tuff_wall":153,"minecraft:deepslate_gold_ore":64,"minecraft:stone_hoe":25,"minecraft:oak_door":5,"minecraft:dirt":927,"minecraft:hopper":39,"minecraft:diamond_helmet":1,"minecraft:shulker_box":24,"minecraft:granite":1,"minecraft:brown_terracotta":2,"minecraft:iron_hoe":6,"minecraft:stone_brick_slab":33,"minecraft:iron_boots":1,"minecraft:golden_carrot":14,"minecraft:soul_soil":2,"minecraft:minecart":2,"minecraft:cooked_beef":28,"minecraft:pumpkin":1,"minecraft:iron_leggings":3,"minecraft:cooked_mutton":10,"minecraft:iron_ore":47,"minecraft:glass_bottle":3,"minecraft:baked_potato":291,"minecraft:birch_boat":2,"minecraft:cobblestone_slab":9,"minecraft:waxed_copper_block":4,"minecraft:smoker":1,"minecraft:piston":5,"minecraft:apple":4,"minecraft:stone_slab":6418,"minecraft:stone_axe":88,"minecraft:cobbled_deepslate_slab":5,"minecraft:bucket":38,"minecraft:yellow_bed":29,"minecraft:splash_potion":4}},"DataVersion":4082}