{"stats":{"minecraft:mined":{"minecraft:white_bed":6,"minecraft:carved_pumpkin":7,"minecraft:obsidian":22,"minecraft:granite":796,"minecraft:stone_brick_wall":39,"minecraft:hopper":1,"minecraft:crimson_fungus":1,"minecraft:oak_wall_sign":2,"minecraft:nether_wart":40,"minecraft:spawner":2,"minecraft:tall_seagrass":2,"minecraft:magma_block":18,"minecraft:cobbled_deepslate":21,"minecraft:fire":67,"minecraft:pumpkin":3,"minecraft:moss_carpet":122,"minecraft:fletching_table":7,"minecraft:deepslate_lapis_ore":33,"minecraft:nether_brick_stairs":1,"minecraft:twisting_vines":3,"minecraft:sculk_shrieker":1,"minecraft:dirt_path":53,"minecraft:oak_stairs":100,"minecraft:iron_block":1,"minecraft:tripwire":1,"minecraft:brown_mushroom":11,"minecraft:kelp_plant":48,"minecraft:smoker":2,"minecraft:soul_fire":1,"minecraft:torch":1,"minecraft:blast_furnace":7,"minecraft:nether_brick_slab":1,"minecraft:sugar_cane":33,"minecraft:wheat":63,"minecraft:lilac":1,"minecraft:warped_fungus":8,"minecraft:oak_fence_gate":1,"minecraft:piston":1,"minecraft:deepslate":13096,"minecraft:attached_pumpkin_stem":1,"minecraft:mossy_cobblestone":15,"minecraft:shulker_box":8,"minecraft:end_stone":70,"minecraft:nether_bricks":96,"minecraft:cobbled_deepslate_slab":2,"minecraft:redstone_wire":13,"minecraft:moss_block":1634,"minecraft:kelp":2,"minecraft:andesite":859,"minecraft:potatoes":376,"minecraft:cobblestone_slab":4,"minecraft:rail":158,"minecraft:smithing_table":2,"minecraft:oak_slab":3,"minecraft:redstone_block":3,"minecraft:glass_pane":8,"minecraft:comparator":1,"minecraft:soul_sand":31,"minecraft:stone_brick_slab":18,"minecraft:dandelion":12,"minecraft:cornflower":1,"minecraft:short_grass":903,"minecraft:warped_roots":9,"minecraft:tall_grass":160,"minecraft:copper_ore":71,"minecraft:deepslate_gold_ore":69,"minecraft:diorite":440,"minecraft:warped_wart_block":3,"minecraft:birch_leaves":16,"minecraft:gravel":220,"minecraft:dripstone_block":5,"minecraft:polished_tuff_wall":7,"minecraft:cobweb":61,"minecraft:stone_bricks":3,"minecraft:gold_ore":9,"minecraft:sculk_vein":1,"minecraft:brewing_stand":1,"minecraft:grass_block":671,"minecraft:soul_soil":25,"minecraft:composter":4,"minecraft:frosted_ice":7,"minecraft:sculk_catalyst":1,"minecraft:iron_ore":99,"minecraft:polished_tuff":6,"minecraft:azure_bluet":1,"minecraft:iron_bars":11,"minecraft:azalea":80,"minecraft:deepslate_redstone_ore":80,"minecraft:twisting_vines_plant":3,"minecraft:chest":3,"minecraft:cobblestone":200,"minecraft:oak_planks":148,"minecraft:wall_torch":11,"minecraft:deepslate_copper_ore":15,"minecraft:seagrass":4,"minecraft:warped_nylium":24,"minecraft:powered_rail":41,"minecraft:birch_log":30,"minecraft:stripped_oak_wood":1,"minecraft:oak_log":378,"minecraft:beetroots":4,"minecraft:sand":76,"minecraft:dirt":497,"minecraft:netherrack":243,"minecraft:oak_leaves":151,"minecraft:tuff":1882,"minecraft:deepslate_diamond_ore":76,"minecraft:oak_door":6,"minecraft:ladder":1,"minecraft:lever":7,"minecraft:spruce_leaves":2,"minecraft:hay_block":7,"minecraft:oak_trapdoor":10,"minecraft:furnace":3,"minecraft:carrots":66,"minecraft:nether_sprouts":2,"minecraft:bell":2,"minecraft:nether_brick_fence":2,"minecraft:deepslate_iron_ore":93,"minecraft:shroomlight":1,"minecraft:stripped_oak_log":16,"minecraft:packed_ice":4,"minecraft:chorus_plant":1,"minecraft:stone":8802,"minecraft:flowering_azalea":41,"minecraft:basalt":36,"minecraft:oak_fence":3,"minecraft:crafting_table":15,"minecraft:sculk_sensor":4,"minecraft:lectern":10,"minecraft:stone_slab":192,"minecraft:lapis_ore":2,"minecraft:sculk":4,"minecraft:cactus":1,"minecraft:redstone_torch":5,"minecraft:yellow_bed":26,"minecraft:coal_ore":120},"minecraft:used":{"minecraft:moss_block":12,"minecraft:dispenser":1,"minecraft:ladder":3,"minecraft:elytra":1,"minecraft:chest":37,"minecraft:stone":2618,"minecraft:soul_sand":11,"minecraft:packed_ice":25,"minecraft:lava_bucket":7,"minecraft:villager_spawn_egg":13,"minecraft:grass_block":39,"minecraft:furnace":2,"minecraft:potato":441,"minecraft:diorite":53,"minecraft:chorus_fruit":1,"minecraft:powered_rail":249,"minecraft:cactus":6,"minecraft:wooden_pickaxe":6,"minecraft:composter":2,"minecraft:sand":25,"minecraft:blast_furnace":9,"minecraft:pumpkin_seeds":21,"minecraft:deepslate_iron_ore":39,"minecraft:lectern":8,"minecraft:lilac":1,"minecraft:diamond_sword":856,"minecraft:smithing_table":3,"minecraft:oak_boat":31,"minecraft:oak_trapdoor":26,"minecraft:iron_bars":2,"minecraft:stone_sword":1,"minecraft:carved_pumpkin":27,"minecraft:netherrack":223,"minecraft:torch":459,"minecraft:brewing_stand":1,"minecraft:twisting_vines":2,"minecraft:nether_brick_slab":12,"minecraft:oak_fence_gate":7,"minecraft:iron_block":100,"minecraft:iron_axe":4,"minecraft:barrel":4,"minecraft:diamond_chestplate":1,"minecraft:cobbled_deepslate":73,"minecraft:water_bucket":33,"minecraft:dirt_path":1,"minecraft:cauldron":1,"minecraft:fletching_table":7,"minecraft:mossy_cobblestone":11,"minecraft:rail":104,"minecraft:comparator":2,"minecraft:oak_slab":22,"minecraft:crafting_table":20,"minecraft:white_bed":4,"minecraft:oak_log":21,"minecraft:ender_eye":2,"minecraft:diamond_pickaxe":28043,"minecraft:cornflower":1,"minecraft:diamond_shovel":957,"minecraft:stripped_jungle_log":2,"minecraft:oak_button":7,"minecraft:iron_pickaxe":57,"minecraft:cobblestone":359,"minecraft:cooked_porkchop":4,"minecraft:kelp":123,"minecraft:diamond_leggings":1,"minecraft:iron_shovel":503,"minecraft:diamond_hoe":2004,"minecraft:oak_sign":16,"minecraft:shield":33,"minecraft:iron_sword":186,"minecraft:zombie_spawn_egg":5,"minecraft:bell":2,"minecraft:iron_chestplate":4,"minecraft:nether_bricks":25,"minecraft:carrot":59,"minecraft:tuff":6,"minecraft:glass":106,"minecraft:warped_nylium":6,"minecraft:iron_helmet":2,"minecraft:hopper_minecart":3,"minecraft:stone_bricks":11,"minecraft:deepslate_diamond_ore":55,"minecraft:repeater":9,"minecraft:magma_block":228,"minecraft:diamond_boots":1,"minecraft:stone_pickaxe":88,"minecraft:oak_planks":138,"minecraft:ender_pearl":71,"minecraft:redstone_block":25,"minecraft:diamond_axe":990,"minecraft:mushroom_stew":2,"minecraft:deepslate_redstone_ore":45,"minecraft:stone_brick_wall":196,"minecraft:shears":7,"minecraft:end_stone":57,"minecraft:polished_tuff":6,"minecraft:redstone_torch":11,"minecraft:lever":11,"minecraft:firework_rocket":5,"minecraft:bread":18,"minecraft:string":1,"minecraft:deepslate":1814,"minecraft:gravel":3,"minecraft:golden_helmet":3,"minecraft:andesite":22,"minecraft:smooth_stone_slab":6,"minecraft:bone_meal":359,"minecraft:oak_fence":4,"minecraft:netherite_sword":9,"minecraft:flint_and_steel":46,"minecraft:stone_shovel":273,"minecraft:redstone":36,"minecraft:polished_tuff_wall":153,"minecraft:deepslate_gold_ore":58,"minecraft:stone_hoe":25,"minecraft:oak_door":5,"minecraft:dirt":572,"minecraft:hopper":9,"minecraft:diamond_helmet":1,"minecraft:shulker_box":8,"minecraft:granite":1,"minecraft:iron_hoe":6,"minecraft:stone_brick_slab":33,"minecraft:iron_boots":1,"minecraft:soul_soil":2,"minecraft:minecart":2,"minecraft:cooked_beef":27,"minecraft:pumpkin":1,"minecraft:iron_leggings":3,"minecraft:cooked_mutton":10,"minecraft:iron_ore":47,"minecraft:glass_bottle":3,"minecraft:baked_potato":282,"minecraft:birch_boat":2,"minecraft:cobblestone_slab":9,"minecraft:smoker":1,"minecraft:piston":5,"minecraft:apple":4,"minecraft:stone_slab":6418,"minecraft:stone_axe":72,"minecraft:cobbled_deepslate_slab":5,"minecraft:bucket":38,"minecraft:yellow_bed":28,"minecraft:splash_potion":4},"minecraft:killed":{"minecraft:cave_spider":5,"minecraft:skeleton":19,"minecraft:chicken":3,"minecraft:magma_cube":25,"minecraft:iron_golem":3,"minecraft:pillager":7,"minecraft:zombie":24,"minecraft:cow":12,"minecraft:vindicator":1,"minecraft:enderman":457,"minecraft:spider":10,"minecraft:zombie_villager":1,"minecraft:creeper":3,"minecraft:sheep":15,"minecraft:blaze":36,"minecraft:vex":1,"minecraft:slime":34,"minecraft:squid":1,"minecraft:wither_skeleton":6,"minecraft:villager":10},"minecraft:killed_by":{"minecraft:vindicator":4,"minecraft:zombie":1,"minecraft:vex":5,"minecraft:ender_dragon":3,"minecraft:slime":1,"minecraft:wither":1,"minecraft:creeper":2,"minecraft:blaze":2,"minecraft:player":1,"minecraft:enderman":4,"minecraft:iron_golem":1,"minecraft:skeleton":1},"minecraft:crafted":{"minecraft:ender_chest":1,"minecraft:smooth_stone":2,"minecraft:yellow_wool":6,"minecraft:oak_sign":18,"minecraft:blaze_powder":2,"minecraft:birch_boat":1,"minecraft:lever":5,"minecraft:diamond_shovel":2,"minecraft:bookshelf":1,"minecraft:cooked_mutton":9,"minecraft:glass":129,"minecraft:diamond_helmet":1,"minecraft:diamond_leggings":1,"minecraft:stone_pressure_plate":47,"minecraft:name_tag":6,"minecraft:glass_bottle":3,"minecraft:emerald":346,"minecraft:cooked_porkchop":2,"minecraft:diamond_axe":2,"minecraft:smithing_table":1,"minecraft:fletching_table":1,"minecraft:lectern":1,"minecraft:stone_slab":5407,"minecraft:iron_pickaxe":1,"minecraft:iron_block":151,"minecraft:gold_ingot":164,"minecraft:stone_shovel":3,"minecraft:diamond_hoe":5,"minecraft:yellow_bed":2,"minecraft:bone_meal":117,"minecraft:polished_tuff":56,"minecraft:lantern":12,"minecraft:ladder":9,"minecraft:stone_pickaxe":5,"minecraft:diamond_boots":1,"minecraft:redstone_block":50,"minecraft:wheat":63,"minecraft:enchanted_book":15,"minecraft:oak_fence_gate":4,"minecraft:golden_apple":2,"minecraft:fermented_spider_eye":1,"minecraft:iron_shovel":2,"minecraft:iron_leggings":3,"minecraft:white_bed":8,"minecraft:oak_planks":1072,"minecraft:cobblestone_slab":6,"minecraft:barrel":4,"minecraft:stone":40,"minecraft:hopper":7,"minecraft:stone_brick_slab":12,"minecraft:bow":3,"minecraft:iron_boots":1,"minecraft:comparator":1,"minecraft:chest":40,"minecraft:oak_button":6,"minecraft:rail":16,"minecraft:stone_hoe":6,"minecraft:ender_eye":1,"minecraft:oak_fence":3,"minecraft:stone_bricks":24,"minecraft:oak_slab":54,"minecraft:cauldron":1,"minecraft:crafting_table":11,"minecraft:wooden_pickaxe":1,"minecraft:baked_potato":392,"minecraft:iron_helmet":11,"minecraft:hopper_minecart":1,"minecraft:birch_planks":80,"minecraft:pumpkin_seeds":16,"minecraft:dispenser":1,"minecraft:book":3,"minecraft:iron_chestplate":1,"minecraft:paper":42,"minecraft:diamond_pickaxe":2,"minecraft:yellow_dye":8,"minecraft:shield":4,"minecraft:stick":608,"minecraft:iron_ingot":582,"minecraft:redstone_torch":4,"minecraft:shears":2,"minecraft:cobbled_deepslate_slab":18,"minecraft:nether_brick_slab":12,"minecraft:redstone":63,"minecraft:furnace":1,"minecraft:blast_furnace":2,"minecraft:piston":4,"minecraft:oak_trapdoor":18,"minecraft:iron_hoe":1,"minecraft:minecart":1,"minecraft:cooked_beef":11,"minecraft:sugar":1,"minecraft:diamond_sword":2,"minecraft:powered_rail":264,"minecraft:iron_sword":1,"minecraft:bowl":4,"minecraft:bucket":8,"minecraft:stone_axe":1,"minecraft:bread":21,"minecraft:air":0,"minecraft:oak_boat":6,"minecraft:white_wool":16,"minecraft:torch":216,"minecraft:diamond_chestplate":1},"minecraft:custom":{"minecraft:interact_with_crafting_table":171,"minecraft:bell_ring":20,"minecraft:leave_game":11,"minecraft:time_since_death":34946,"minecraft:damage_blocked_by_shield":1699,"minecraft:play_time":1532117,"minecraft:deaths":41,"minecraft:jump":18497,"minecraft:enchant_item":13,"minecraft:interact_with_furnace":133,"minecraft:traded_with_villager":435,"minecraft:sleep_in_bed":57,"minecraft:damage_dealt":66262,"minecraft:interact_with_smoker":34,"minecraft:use_cauldron":2,"minecraft:inspect_dispenser":15,"minecraft:interact_with_smithing_table":6,"minecraft:interact_with_anvil":1,"minecraft:inspect_hopper":5,"minecraft:sneak_time":171927,"minecraft:interact_with_blast_furnace":143,"minecraft:total_world_time":1532117,"minecraft:interact_with_stonecutter":4,"minecraft:time_since_rest":34971,"minecraft:swim_one_cm":212276,"minecraft:fly_one_cm":4753233,"minecraft:open_chest":1278,"minecraft:fall_one_cm":439612,"minecraft:open_shulker_box":16,"minecraft:sprint_one_cm":2464033,"minecraft:drop":462,"minecraft:talked_to_villager":269,"minecraft:interact_with_brewingstand":11,"minecraft:walk_on_water_one_cm":141349,"minecraft:player_kills":1,"minecraft:crouch_one_cm":694260,"minecraft:mob_kills":773,"minecraft:fill_cauldron":3,"minecraft:climb_one_cm":6763,"minecraft:walk_one_cm":4376143,"minecraft:walk_under_water_one_cm":267758,"minecraft:boat_one_cm":109289,"minecraft:interact_with_grindstone":2,"minecraft:damage_taken":26769,"minecraft:aviate_one_cm":107241},"minecraft:dropped":{"minecraft:ominous_bottle":3,"minecraft:cooked_beef":8,"minecraft:diamond":7,"minecraft:warped_roots":5,"minecraft:rail":1,"minecraft:dirt":23,"minecraft:bone_meal":1,"minecraft:sand":3,"minecraft:bone":1,"minecraft:cooked_chicken":3,"minecraft:cobbled_deepslate":26,"minecraft:obsidian":2,"minecraft:rotten_flesh":4,"minecraft:oak_planks":4,"minecraft:azure_bluet":1,"minecraft:nether_brick_fence":5,"minecraft:white_bed":12,"minecraft:warped_wart_block":1,"minecraft:lectern":1,"minecraft:enchanted_book":1,"minecraft:iron_ingot":465,"minecraft:wheat_seeds":74,"minecraft:deepslate_redstone_ore":7,"minecraft:cobblestone":22,"minecraft:iron_helmet":8,"minecraft:granite":127,"minecraft:ink_sac":3,"minecraft:wooden_axe":1,"minecraft:smooth_stone":2,"minecraft:string":2,"minecraft:moss_carpet":6,"minecraft:stone_sword":1,"minecraft:bowl":2,"minecraft:deepslate":966,"minecraft:diamond_hoe":3,"minecraft:stone_slab":192,"minecraft:nether_bricks":5,"minecraft:polished_tuff_wall":58,"minecraft:diamond_sword":3,"minecraft:stone":279,"minecraft:diamond_pickaxe":2,"minecraft:yellow_bed":2,"minecraft:stone_pressure_plate":47,"minecraft:gold_ore":4,"minecraft:moss_block":150,"minecraft:brown_mushroom":5,"minecraft:warped_fungus":2,"minecraft:oak_log":7,"minecraft:baked_potato":25,"minecraft:ender_pearl":431,"minecraft:gold_ingot":2,"minecraft:gravel":68,"minecraft:diamond_shovel":1,"minecraft:cooked_mutton":9,"minecraft:carrot":1974,"minecraft:poppy":563,"minecraft:chest":1,"minecraft:azalea":7,"minecraft:iron_ore":6,"minecraft:arrow":4,"minecraft:netherrack":31,"minecraft:stone_hoe":5,"minecraft:water_bucket":4,"minecraft:bread":11,"minecraft:deepslate_iron_ore":16,"minecraft:poisonous_potato":4,"minecraft:grass_block":4,"minecraft:stick":3,"minecraft:iron_block":108,"minecraft:diorite":146,"minecraft:torch":46,"minecraft:iron_leggings":1,"minecraft:flowering_azalea":2,"minecraft:dandelion":1,"minecraft:warped_nylium":1,"minecraft:ender_chest":1,"minecraft:blaze_rod":7,"minecraft:tuff":31,"minecraft:composter":3,"minecraft:wither_skeleton_skull":1,"minecraft:ender_eye":1,"minecraft:dirt_path":1,"minecraft:shulker_box":3,"minecraft:flint_and_steel":1,"minecraft:copper_ore":15,"minecraft:shield":2,"minecraft:iron_chestplate":1,"minecraft:andesite":128,"minecraft:oak_sapling":4,"minecraft:stone_pickaxe":2},"minecraft:picked_up":{"minecraft:iron_chestplate":20,"minecraft:smithing_table":2,"minecraft:stone_slab":490,"minecraft:diamond_sword":21,"minecraft:oak_stairs":135,"minecraft:brewing_stand":1,"minecraft:golden_sword":2,"minecraft:string":186,"minecraft:soul_soil":24,"minecraft:shroomlight":1,"minecraft:sculk_shrieker":1,"minecraft:diamond_leggings":10,"minecraft:cobbled_deepslate":409,"minecraft:hopper_minecart":4,"minecraft:golden_helmet":14,"minecraft:composter":4,"minecraft:stone_sword":10,"minecraft:iron_block":36,"minecraft:carved_pumpkin":8,"minecraft:blaze_rod":38,"minecraft:iron_bars":47,"minecraft:birch_log":43,"minecraft:magma_block":60,"minecraft:cooked_beef":37,"minecraft:feather":3,"minecraft:water_bucket":12,"minecraft:brown_wool":2,"minecraft:smoker":2,"minecraft:flint":9,"minecraft:twisting_vines":3,"minecraft:diamond_helmet":10,"minecraft:moss_block":896,"minecraft:warped_wart_block":6,"minecraft:ink_sac":3,"minecraft:dark_oak_log":5,"minecraft:barrel":1,"minecraft:deepslate":6604,"minecraft:lever":7,"minecraft:deepslate_gold_ore":56,"minecraft:granite":409,"minecraft:golden_horse_armor":5,"minecraft:bread":34,"minecraft:diamond_pickaxe":30,"minecraft:crafting_table":21,"minecraft:ominous_bottle":2,"minecraft:nether_wart":93,"minecraft:leather_leggings":4,"minecraft:cornflower":2,"minecraft:elytra":8,"minecraft:flint_and_steel":4,"minecraft:iron_shovel":1,"minecraft:deepslate_diamond_ore":79,"minecraft:poppy":2,"minecraft:minecart":10,"minecraft:chest":6,"minecraft:birch_sapling":1,"minecraft:piston":1,"minecraft:diamond_hoe":12,"minecraft:egg":2,"minecraft:copper_ore":32,"minecraft:stone":9204,"minecraft:oak_door":14,"minecraft:carrot":434,"minecraft:redstone":514,"minecraft:diamond_chestplate":10,"minecraft:beetroot_seeds":4,"minecraft:shears":2,"minecraft:diamond_boots":13,"minecraft:hay_block":7,"minecraft:gold_ingot":18,"minecraft:mutton":16,"minecraft:rail":259,"minecraft:white_wool":14,"minecraft:stripped_oak_log":16,"minecraft:yellow_dye":2,"minecraft:red_mushroom":6,"minecraft:oak_log":491,"minecraft:sculk_vein":1,"minecraft:white_banner":4,"minecraft:stone_bricks":1,"minecraft:apple":17,"minecraft:kelp":494,"minecraft:stone_pickaxe":3,"minecraft:oak_fence_gate":3,"minecraft:iron_ore":57,"minecraft:iron_sword":4,"minecraft:flowering_azalea":24,"minecraft:sculk":3,"minecraft:gravel":238,"minecraft:spruce_sapling":3,"minecraft:dragon_egg":1,"minecraft:polished_tuff":6,"minecraft:firework_rocket":8,"minecraft:diamond_shovel":14,"minecraft:coal_ore":107,"minecraft:slime_ball":47,"minecraft:stone_axe":2,"minecraft:diamond_axe":6,"minecraft:deepslate_redstone_ore":52,"minecraft:gray_wool":2,"minecraft:warped_roots":41,"minecraft:baked_potato":560,"minecraft:warped_nylium":13,"minecraft:hopper":1,"minecraft:ender_pearl":608,"minecraft:wheat":9,"minecraft:redstone_block":45,"minecraft:ender_chest":1,"minecraft:nether_brick_fence":9,"minecraft:raw_copper":9,"minecraft:deepslate_lapis_ore":38,"minecraft:smooth_stone_slab":6,"minecraft:iron_leggings":23,"minecraft:oak_sign":4,"minecraft:smooth_stone":2,"minecraft:comparator":1,"minecraft:bucket":10,"minecraft:redstone_torch":13,"minecraft:cobblestone_slab":6,"minecraft:ender_eye":5,"minecraft:azalea":25,"minecraft:iron_pickaxe":5,"minecraft:deepslate_iron_ore":71,"minecraft:iron_boots":14,"minecraft:furnace":7,"minecraft:stick":248,"minecraft:oak_fence":6,"minecraft:torch":114,"minecraft:pointed_dripstone":1,"minecraft:diorite":222,"minecraft:cactus":1,"minecraft:rotten_flesh":47,"minecraft:deepslate_copper_ore":15,"minecraft:obsidian":18,"minecraft:cobblestone":482,"minecraft:lilac":1,"minecraft:magma_cream":54,"minecraft:repeater":4,"minecraft:andesite":170,"minecraft:potato":1246,"minecraft:tuff":1420,"minecraft:wither_skeleton_skull":1,"minecraft:dirt":1477,"minecraft:lapis_lazuli":43,"minecraft:bone":87,"minecraft:wheat_seeds":161,"minecraft:bell":2,"minecraft:raw_gold":150,"minecraft:cobbled_deepslate_slab":47,"minecraft:fletching_table":7,"minecraft:bamboo":3,"minecraft:powered_rail":159,"minecraft:oak_planks":299,"minecraft:stone_hoe":3,"minecraft:poisonous_potato":13,"minecraft:sand":113,"minecraft:nether_brick_stairs":1,"minecraft:grass_block":127,"minecraft:shulker_box":12,"minecraft:mossy_cobblestone":17,"minecraft:diamond":42,"minecraft:bone_meal":192,"minecraft:emerald":63,"minecraft:oak_sapling":23,"minecraft:netherrack":408,"minecraft:chorus_fruit":3,"minecraft:oak_leaves":3,"minecraft:azure_bluet":5,"minecraft:polished_tuff_wall":163,"minecraft:ladder":36,"minecraft:brown_mushroom":11,"minecraft:packed_ice":40,"minecraft:stone_brick_wall":268,"minecraft:diamond_horse_armor":2,"minecraft:shield":10,"minecraft:oak_trapdoor":22,"minecraft:moss_carpet":188,"minecraft:iron_axe":4,"minecraft:oak_boat":30,"minecraft:lectern":8,"minecraft:sugar_cane":73,"minecraft:raw_iron":39,"minecraft:end_stone":117,"minecraft:bowl":8,"minecraft:arrow":28,"minecraft:nether_bricks":121,"minecraft:saddle":6,"minecraft:basalt":36,"minecraft:glow_ink_sac":2,"minecraft:leather":11,"minecraft:mushroom_stew":2,"minecraft:crimson_fungus":3,"minecraft:yellow_bed":35,"minecraft:gunpowder":2,"minecraft:cooked_mutton":25,"minecraft:iron_ingot":825,"minecraft:cooked_chicken":3,"minecraft:stripped_oak_wood":1,"minecraft:soul_sand":57,"minecraft:book":352,"minecraft:scaffolding":24,"minecraft:oak_slab":20,"minecraft:warped_fungus":22,"minecraft:pumpkin":3,"minecraft:birch_boat":1,"minecraft:stone_brick_slab":26,"minecraft:quartz":31,"minecraft:dandelion":16,"minecraft:dripstone_block":20,"minecraft:lava_bucket":3,"minecraft:blast_furnace":7,"minecraft:white_bed":12,"minecraft:nether_brick_slab":1,"minecraft:gold_ore":5,"minecraft:spider_eye":16,"minecraft:stripped_jungle_log":2,"minecraft:pumpkin_seeds":52,"minecraft:sculk_sensor":4,"minecraft:iron_helmet":7,"minecraft:black_wool":1,"minecraft:coal":187},"minecraft:broken":{"minecraft:iron_shovel":1,"minecraft:stone_shovel":1}},"DataVersion":4082}