{"stats":{"minecraft:custom":{"minecraft:jump":231,"minecraft:time_since_rest":4685,"minecraft:damage_dealt":200,"minecraft:walk_on_water_one_cm":1681,"minecraft:sprint_one_cm":24176,"minecraft:leave_game":1,"minecraft:play_time":4685,"minecraft:damage_taken":55,"minecraft:time_since_death":4685,"minecraft:walk_one_cm":10304,"minecraft:total_world_time":4685,"minecraft:walk_under_water_one_cm":50,"minecraft:mob_kills":2,"minecraft:swim_one_cm":1757,"minecraft:fall_one_cm":6450,"minecraft:fly_one_cm":50545},"minecraft:used":{"minecraft:beef":2,"minecraft:porkchop":1},"minecraft:killed":{"minecraft:pig":1,"minecraft:cow":1},"minecraft:picked_up":{"minecraft:beef":2,"minecraft:porkchop":1}},"DataVersion":4082}