{"stats":{"minecraft:custom":{"minecraft:time_since_rest":17132,"minecraft:sprint_one_cm":160903,"minecraft:damage_taken":1739,"minecraft:walk_one_cm":209917,"minecraft:interact_with_anvil":2,"minecraft:mob_kills":1876,"minecraft:drop":53,"minecraft:damage_dealt":34926,"minecraft:swim_one_cm":1757,"minecraft:interact_with_crafting_table":11,"minecraft:fly_one_cm":340398,"minecraft:open_chest":136,"minecraft:bell_ring":1,"minecraft:crouch_one_cm":17755,"minecraft:play_time":81072,"minecraft:deaths":2,"minecraft:sneak_time":13536,"minecraft:walk_under_water_one_cm":284,"minecraft:aviate_one_cm":44,"minecraft:jump":1580,"minecraft:interact_with_brewingstand":1,"minecraft:interact_with_grindstone":9,"minecraft:leave_game":2,"minecraft:time_since_death":17020,"minecraft:walk_on_water_one_cm":8524,"minecraft:enchant_item":16,"minecraft:total_world_time":81072,"minecraft:fall_one_cm":42924},"minecraft:mined":{"minecraft:short_grass":8,"minecraft:grass_block":8,"minecraft:sugar_cane":23,"minecraft:oak_leaves":3},"minecraft:killed":{"minecraft:pig":1,"minecraft:salmon":1,"minecraft:spider":1,"minecraft:enderman":1673,"minecraft:cow":1},"minecraft:used":{"minecraft:diamond_boots":1,"minecraft:diamond_shovel":8,"minecraft:elytra":1,"minecraft:ender_pearl":36,"minecraft:diamond_chestplate":2,"minecraft:diamond_sword":444,"minecraft:bow":77,"minecraft:beef":2,"minecraft:porkchop":1,"minecraft:carrot":48},"minecraft:killed_by":{"minecraft:player":1},"minecraft:crafted":{"minecraft:diamond_sword":2,"minecraft:diamond_helmet":6,"minecraft:diamond_leggings":1,"minecraft:diamond_pickaxe":1,"minecraft:diamond_axe":1,"minecraft:stick":24,"minecraft:diamond_boots":1,"minecraft:diamond_shovel":1,"minecraft:diamond_chestplate":1},"minecraft:picked_up":{"minecraft:stick":36,"minecraft:diamond_sword":4,"minecraft:porkchop":1,"minecraft:carrot":201,"minecraft:dirt":8,"minecraft:lapis_lazuli":18,"minecraft:diamond_shovel":1,"minecraft:diamond_chestplate":1,"minecraft:arrow":198,"minecraft:rotten_flesh":4,"minecraft:diamond":30,"minecraft:bow":2,"minecraft:diamond_leggings":1,"minecraft:diamond_boots":1,"minecraft:beef":2,"minecraft:diamond_axe":1,"minecraft:diamond_helmet":4,"minecraft:sugar_cane":44,"minecraft:iron_bars":24,"minecraft:diamond_pickaxe":1,"minecraft:ender_pearl":893},"minecraft:dropped":{"minecraft:diamond_sword":3,"minecraft:blaze_rod":37,"minecraft:ender_pearl":704,"minecraft:diamond_helmet":4}},"DataVersion":4082}