{"stats":{"minecraft:custom":{"minecraft:time_since_rest":3229,"minecraft:interact_with_furnace":20,"minecraft:sprint_one_cm":138369,"minecraft:open_enderchest":3,"minecraft:damage_taken":966,"minecraft:walk_one_cm":130265,"minecraft:interact_with_anvil":1,"minecraft:mob_kills":314,"minecraft:drop":31,"minecraft:inspect_hopper":3,"minecraft:damage_dealt":7220,"minecraft:traded_with_villager":1,"minecraft:interact_with_crafting_table":2,"minecraft:talked_to_villager":6,"minecraft:fly_one_cm":324209,"minecraft:player_kills":1,"minecraft:open_chest":160,"minecraft:crouch_one_cm":18243,"minecraft:play_time":77686,"minecraft:deaths":1,"minecraft:sneak_time":5999,"minecraft:walk_under_water_one_cm":415,"minecraft:aviate_one_cm":380612,"minecraft:jump":949,"minecraft:interact_with_grindstone":8,"minecraft:leave_game":2,"minecraft:walk_on_water_one_cm":3410,"minecraft:time_since_death":76592,"minecraft:enchant_item":2,"minecraft:sleep_in_bed":3,"minecraft:total_world_time":77686,"minecraft:fall_one_cm":15314,"minecraft:inspect_dispenser":1},"minecraft:mined":{"minecraft:carrots":76,"minecraft:end_stone":88,"minecraft:obsidian":31,"minecraft:short_grass":1,"minecraft:oak_log":4,"minecraft:sand":35,"minecraft:oak_leaves":1,"minecraft:ender_chest":2},"minecraft:used":{"minecraft:diamond_pickaxe":121,"minecraft:firework_rocket":7,"minecraft:diamond_shovel":35,"minecraft:tinted_glass":48,"minecraft:ender_chest":3,"minecraft:stone":2,"minecraft:diamond_axe":5,"minecraft:diamond_sword":122,"minecraft:rail":6,"minecraft:white_carpet":34,"minecraft:bow":74,"minecraft:end_crystal":4,"minecraft:minecart":2,"minecraft:carrot":96,"minecraft:endermite_spawn_egg":3,"minecraft:cooked_beef":4,"minecraft:end_stone":83},"minecraft:killed":{"minecraft:skeleton":1,"minecraft:zombie":2,"minecraft:endermite":2,"minecraft:ender_dragon":1,"minecraft:enderman":285},"minecraft:killed_by":{"minecraft:skeleton":1},"minecraft:crafted":{"minecraft:glass":32,"minecraft:iron_ingot":9,"minecraft:blaze_powder":20,"minecraft:ender_eye":15,"minecraft:name_tag":1,"minecraft:air":0},"minecraft:picked_up":{"minecraft:end_stone":88,"minecraft:ender_chest":2,"minecraft:diamond_sword":2,"minecraft:sand":32,"minecraft:oak_log":4,"minecraft:carrot":290,"minecraft:white_carpet":3,"minecraft:bone":4,"minecraft:arrow":3,"minecraft:slime_ball":2,"minecraft:diamond_helmet":1,"minecraft:bamboo":4,"minecraft:blaze_rod":37,"minecraft:sugar_cane":2,"minecraft:obsidian":30,"minecraft:rail":4,"minecraft:ender_pearl":362},"minecraft:dropped":{"minecraft:diamond_sword":2,"minecraft:ender_pearl":360,"minecraft:diamond_helmet":1,"minecraft:arrow":101,"minecraft:bow":1,"minecraft:carrot":87}},"DataVersion":4082}