{"stats":{"minecraft:custom":{"minecraft:interact_with_crafting_table":303,"minecraft:open_barrel":14,"minecraft:bell_ring":6,"minecraft:leave_game":18,"minecraft:time_since_death":191569,"minecraft:damage_blocked_by_shield":6175,"minecraft:play_time":2807312,"minecraft:deaths":22,"minecraft:jump":42014,"minecraft:enchant_item":409,"minecraft:interact_with_furnace":224,"minecraft:play_record":1,"minecraft:traded_with_villager":250,"minecraft:interact_with_cartography_table":1,"minecraft:sleep_in_bed":68,"minecraft:damage_dealt":670701,"minecraft:interact_with_smoker":32,"minecraft:inspect_dispenser":75,"minecraft:interact_with_smithing_table":1,"minecraft:interact_with_anvil":82,"minecraft:inspect_hopper":57,"minecraft:sneak_time":402067,"minecraft:interact_with_blast_furnace":74,"minecraft:total_world_time":2807312,"minecraft:interact_with_stonecutter":9,"minecraft:time_since_rest":3999,"minecraft:swim_one_cm":388520,"minecraft:fly_one_cm":9746564,"minecraft:open_chest":2909,"minecraft:fall_one_cm":771040,"minecraft:animals_bred":5,"minecraft:open_shulker_box":314,"minecraft:damage_resisted":68,"minecraft:sprint_one_cm":5205138,"minecraft:drop":1066,"minecraft:talked_to_villager":323,"minecraft:interact_with_brewingstand":27,"minecraft:walk_on_water_one_cm":324626,"minecraft:open_enderchest":77,"minecraft:interact_with_beacon":5,"minecraft:player_kills":1,"minecraft:crouch_one_cm":1797347,"minecraft:mob_kills":24335,"minecraft:climb_one_cm":284644,"minecraft:walk_one_cm":6121490,"minecraft:walk_under_water_one_cm":302384,"minecraft:boat_one_cm":168370,"minecraft:raid_trigger":2,"minecraft:interact_with_grindstone":142,"minecraft:damage_taken":35890,"minecraft:damage_absorbed":241,"minecraft:minecart_one_cm":40978,"minecraft:aviate_one_cm":11260907},"minecraft:killed":{"minecraft:cave_spider":4,"minecraft:shulker":20,"minecraft:skeleton":127,"minecraft:magma_cube":58,"minecraft:salmon":27,"minecraft:iron_golem":5,"minecraft:ender_dragon":1,"minecraft:pillager":37,"minecraft:zombie":202,"minecraft:cow":31,"minecraft:evoker":1,"minecraft:vindicator":7,"minecraft:husk":21,"minecraft:rabbit":1,"minecraft:ravager":1,"minecraft:breeze":19,"minecraft:enderman":21872,"minecraft:zombified_piglin":1,"minecraft:witch":5,"minecraft:spider":75,"minecraft:wither":1,"minecraft:silverfish":15,"minecraft:piglin_brute":9,"minecraft:piglin":31,"minecraft:pig":19,"minecraft:zombie_villager":5,"minecraft:creeper":96,"minecraft:sheep":10,"minecraft:stray":113,"minecraft:ghast":2,"minecraft:blaze":30,"minecraft:slime":4,"minecraft:drowned":10,"minecraft:hoglin":6,"minecraft:squid":2,"minecraft:wither_skeleton":112,"minecraft:villager":5},"minecraft:used":{"minecraft:moss_block":11,"minecraft:tuff_bricks":16,"minecraft:dispenser":15,"minecraft:elytra":117,"minecraft:chest":172,"minecraft:stone":13040,"minecraft:rotten_flesh":23,"minecraft:soul_sand":16,"minecraft:crafter":2,"minecraft:packed_ice":278,"minecraft:lava_bucket":2,"minecraft:villager_spawn_egg":6,"minecraft:grass_block":74,"minecraft:stone_brick_stairs":26,"minecraft:bow":170,"minecraft:ominous_bottle":4,"minecraft:furnace":18,"minecraft:potato":43,"minecraft:end_stone_bricks":1,"minecraft:powered_rail":2,"minecraft:blackstone":4,"minecraft:wooden_pickaxe":7,"minecraft:composter":13,"minecraft:oak_leaves":767,"minecraft:golden_apple":4,"minecraft:sand":2,"minecraft:blast_furnace":2,"minecraft:deepslate_iron_ore":6,"minecraft:stone_button":811,"minecraft:lectern":162,"minecraft:chiseled_tuff_bricks":8,"minecraft:diamond_sword":7933,"minecraft:oak_boat":3,"minecraft:oak_trapdoor":62,"minecraft:enchanting_table":3,"minecraft:light_gray_carpet":3,"minecraft:trial_key":6,"minecraft:netherrack":635,"minecraft:torch":275,"minecraft:dragon_egg":1,"minecraft:brewing_stand":1,"minecraft:anvil":10,"minecraft:oak_fence_gate":22,"minecraft:red_shulker_box":55,"minecraft:iron_axe":132,"minecraft:iron_block":509,"minecraft:totem_of_undying":1,"minecraft:barrel":1,"minecraft:bamboo":11,"minecraft:diamond_chestplate":114,"minecraft:beef":1,"minecraft:cobbled_deepslate":305,"minecraft:observer":20,"minecraft:wheat_seeds":13,"minecraft:water_bucket":565,"minecraft:cartography_table":2,"minecraft:gold_ore":5,"minecraft:polished_blackstone_bricks":18,"minecraft:mossy_cobblestone":1,"minecraft:rail":1425,"minecraft:comparator":2,"minecraft:crafting_table":38,"minecraft:red_bed":3,"minecraft:white_bed":68,"minecraft:spruce_log":15,"minecraft:diamond_pickaxe":38961,"minecraft:ender_eye":18,"minecraft:ominous_trial_key":5,"minecraft:diamond_shovel":25359,"minecraft:wind_charge":3,"minecraft:oak_button":1,"minecraft:iron_pickaxe":338,"minecraft:spruce_trapdoor":1189,"minecraft:spruce_sapling":32,"minecraft:cobblestone":435,"minecraft:potion":2,"minecraft:cooked_porkchop":60,"minecraft:warped_fence_gate":280,"minecraft:glass_pane":24,"minecraft:jukebox":1,"minecraft:diamond_leggings":2,"minecraft:diamond_hoe":3341,"minecraft:bone_block":2,"minecraft:shield":98,"minecraft:iron_sword":776,"minecraft:nether_wart":9,"minecraft:bell":1,"minecraft:nether_bricks":45,"minecraft:carrot":291,"minecraft:furnace_minecart":61,"minecraft:milk_bucket":1,"minecraft:obsidian":47,"minecraft:glass":326,"minecraft:waxed_oxidized_copper":2,"minecraft:coal_ore":87,"minecraft:stone_bricks":15,"minecraft:deepslate_diamond_ore":18,"minecraft:repeater":25,"minecraft:brown_carpet":3,"minecraft:scaffolding":504,"minecraft:golden_boots":1,"minecraft:diamond_boots":1,"minecraft:wither_skeleton_skull":5,"minecraft:birch_leaves":1,"minecraft:stone_pickaxe":155,"minecraft:oak_planks":24,"minecraft:ender_pearl":50,"minecraft:sugar_cane":39,"minecraft:diamond_axe":3030,"minecraft:white_wool":3,"minecraft:mushroom_stew":6,"minecraft:deepslate_redstone_ore":8,"minecraft:crossbow":12,"minecraft:end_stone":216,"minecraft:stone_brick_wall":873,"minecraft:deepslate_lapis_ore":27,"minecraft:shears":761,"minecraft:polished_tuff":4,"minecraft:redstone_torch":1,"minecraft:lever":1,"minecraft:firework_rocket":417,"minecraft:bread":11,"minecraft:deepslate":211,"minecraft:gravel":8,"minecraft:golden_helmet":1,"minecraft:grindstone":4,"minecraft:andesite":47,"minecraft:bone_meal":319,"minecraft:oak_fence":45,"minecraft:purpur_block":1,"minecraft:trident":2,"minecraft:flint_and_steel":3,"minecraft:stone_shovel":107,"minecraft:redstone":5,"minecraft:ender_chest":30,"minecraft:deepslate_gold_ore":1,"minecraft:stone_hoe":40,"minecraft:cooked_chicken":3,"minecraft:oak_door":6,"minecraft:dirt":1973,"minecraft:white_carpet":61,"minecraft:hopper":140,"minecraft:diamond_helmet":2,"minecraft:shulker_box":140,"minecraft:granite":55,"minecraft:stone_brick_slab":864,"minecraft:bookshelf":114,"minecraft:golden_carrot":22,"minecraft:soul_soil":23,"minecraft:minecart":46,"minecraft:cooked_beef":86,"minecraft:iron_leggings":1,"minecraft:cobbled_deepslate_wall":8,"minecraft:cooked_mutton":22,"minecraft:acacia_boat":5,"minecraft:iron_ore":5,"minecraft:glass_bottle":9,"minecraft:baked_potato":392,"minecraft:beacon":3,"minecraft:stonecutter":1,"minecraft:waxed_copper_block":2,"minecraft:smoker":6,"minecraft:apple":5,"minecraft:stone_slab":278,"minecraft:stone_axe":69,"minecraft:cobbled_deepslate_slab":11,"minecraft:bucket":578,"minecraft:yellow_bed":10,"minecraft:splash_potion":4},"minecraft:broken":{"minecraft:golden_boots":1,"minecraft:diamond_helmet":1,"minecraft:shears":3,"minecraft:diamond_pickaxe":1,"minecraft:iron_sword":2,"minecraft:shield":1,"minecraft:iron_pickaxe":1,"minecraft:diamond_hoe":1},"minecraft:mined":{"minecraft:dragon_wall_head":1,"minecraft:red_shulker_box":55,"minecraft:white_bed":12,"minecraft:obsidian":33,"minecraft:granite":1503,"minecraft:acacia_log":4,"minecraft:stone_brick_wall":38,"minecraft:purpur_slab":1,"minecraft:chiseled_tuff_bricks":20,"minecraft:crimson_fungus":1,"minecraft:hopper":70,"minecraft:oxeye_daisy":3,"minecraft:spawner":1,"minecraft:polished_blackstone_bricks":60,"minecraft:tall_seagrass":2,"minecraft:magma_block":1,"minecraft:barrel":3,"minecraft:cobbled_deepslate":70,"minecraft:fire":91,"minecraft:moss_carpet":129,"minecraft:pumpkin":25,"minecraft:deepslate_lapis_ore":69,"minecraft:enchanting_table":1,"minecraft:dirt_path":165,"minecraft:oak_stairs":170,"minecraft:iron_block":181,"minecraft:brown_mushroom":9,"minecraft:kelp_plant":30,"minecraft:smoker":5,"minecraft:soul_fire":5,"minecraft:amethyst_cluster":23,"minecraft:powder_snow":4,"minecraft:torch":27,"minecraft:blast_furnace":1,"minecraft:melon":1,"minecraft:glass":13,"minecraft:sugar_cane":258,"minecraft:amethyst_block":4,"minecraft:waxed_copper_bulb":6,"minecraft:repeater":1,"minecraft:wheat":12,"minecraft:jukebox":1,"minecraft:waxed_copper_block":25,"minecraft:warped_fungus":3,"minecraft:stone_brick_stairs":2,"minecraft:stonecutter":1,"minecraft:deepslate":9605,"minecraft:mossy_cobblestone":18,"minecraft:end_stone":235,"minecraft:shulker_box":140,"minecraft:crafter":2,"minecraft:nether_bricks":147,"minecraft:cobbled_deepslate_slab":3,"minecraft:crimson_roots":1,"minecraft:redstone_wire":1,"minecraft:cartography_table":1,"minecraft:kelp":40,"minecraft:red_mushroom":11,"minecraft:moss_block":2527,"minecraft:redstone_ore":17,"minecraft:waxed_copper_grate":2,"minecraft:andesite":1127,"minecraft:chiseled_tuff":2,"minecraft:potatoes":16,"minecraft:rail":699,"minecraft:warped_stem":165,"minecraft:bamboo":34,"minecraft:waxed_weathered_copper_bulb":1,"minecraft:bone_block":24,"minecraft:white_wool":3,"minecraft:ender_chest":31,"minecraft:oak_slab":2,"minecraft:glass_pane":12,"minecraft:comparator":1,"minecraft:soul_sand":542,"minecraft:stone_brick_slab":86,"minecraft:observer":8,"minecraft:dandelion":9,"minecraft:cobbled_deepslate_wall":1,"minecraft:short_grass":766,"minecraft:warped_roots":4,"minecraft:copper_ore":130,"minecraft:purpur_pillar":7,"minecraft:tall_grass":139,"minecraft:deepslate_gold_ore":163,"minecraft:diorite":1394,"minecraft:warped_wart_block":1,"minecraft:white_carpet":1,"minecraft:spruce_log":721,"minecraft:birch_leaves":12,"minecraft:gravel":576,"minecraft:dripstone_block":1,"minecraft:cobweb":27,"minecraft:stone_bricks":19,"minecraft:gold_ore":24,"minecraft:farmland":1,"minecraft:warped_fence_gate":32,"minecraft:cobblestone_stairs":7,"minecraft:sculk_vein":16,"minecraft:spruce_trapdoor":56,"minecraft:budding_amethyst":1,"minecraft:grass_block":9220,"minecraft:cracked_polished_blackstone_bricks":14,"minecraft:soul_soil":497,"minecraft:frosted_ice":8,"minecraft:composter":11,"minecraft:tuff_bricks":60,"minecraft:raw_iron_block":1,"minecraft:sculk_catalyst":2,"minecraft:iron_ore":316,"minecraft:polished_tuff":11,"minecraft:anvil":4,"minecraft:azure_bluet":3,"minecraft:iron_bars":1,"minecraft:polished_tuff_slab":2,"minecraft:azalea":50,"minecraft:end_stone_bricks":2,"minecraft:deepslate_redstone_ore":107,"minecraft:blackstone":8,"minecraft:purpur_stairs":1,"minecraft:calcite":4,"minecraft:poppy":4,"minecraft:beacon":2,"minecraft:chest":57,"minecraft:cobblestone":334,"minecraft:nether_quartz_ore":77,"minecraft:oak_planks":106,"minecraft:grindstone":2,"minecraft:waxed_chiseled_copper":1,"minecraft:iron_door":4,"minecraft:wall_torch":9,"minecraft:deepslate_copper_ore":2,"minecraft:seagrass":1,"minecraft:warped_nylium":12,"minecraft:birch_log":120,"minecraft:purpur_block":3,"minecraft:oak_log":731,"minecraft:waxed_oxidized_copper":2,"minecraft:sand":528,"minecraft:dirt":13834,"minecraft:wither_skeleton_skull":2,"minecraft:dispenser":14,"minecraft:netherrack":1055,"minecraft:ancient_debris":1,"minecraft:oak_leaves":877,"minecraft:nether_gold_ore":8,"minecraft:crying_obsidian":1,"minecraft:tuff":1139,"minecraft:deepslate_diamond_ore":230,"minecraft:oak_door":9,"minecraft:decorated_pot":15,"minecraft:spruce_leaves":25,"minecraft:sandstone":3,"minecraft:large_fern":3,"minecraft:hay_block":1,"minecraft:oak_trapdoor":35,"minecraft:furnace":9,"minecraft:carrots":51,"minecraft:nether_sprouts":1,"minecraft:gold_block":3,"minecraft:bell":1,"minecraft:nether_brick_fence":10,"minecraft:bookshelf":529,"minecraft:deepslate_iron_ore":172,"minecraft:stripped_oak_log":1,"minecraft:packed_ice":991,"minecraft:stone":18104,"minecraft:waxed_exposed_copper_bulb":1,"minecraft:scaffolding":118,"minecraft:flowering_azalea":27,"minecraft:snow_block":5,"minecraft:basalt":4,"minecraft:oak_fence":4,"minecraft:crafting_table":34,"minecraft:sculk_sensor":12,"minecraft:lectern":159,"minecraft:stone_slab":50,"minecraft:red_glazed_terracotta":2,"minecraft:lapis_ore":20,"minecraft:sculk":200,"minecraft:cactus":1,"minecraft:ice":1,"minecraft:yellow_bed":9,"minecraft:coal_ore":393,"minecraft:cracked_stone_bricks":1,"minecraft:mossy_stone_bricks":1},"minecraft:crafted":{"minecraft:ender_chest":1,"minecraft:smooth_stone":13,"minecraft:yellow_wool":4,"minecraft:blaze_powder":16,"minecraft:lever":2,"minecraft:diamond_shovel":5,"minecraft:bookshelf":16,"minecraft:shulker_box":6,"minecraft:glass":343,"minecraft:diamond_helmet":4,"minecraft:repeater":20,"minecraft:diamond_leggings":4,"minecraft:beacon":1,"minecraft:name_tag":15,"minecraft:glass_bottle":9,"minecraft:furnace_minecart":3,"minecraft:emerald":252,"minecraft:cooked_porkchop":2,"minecraft:diamond_axe":5,"minecraft:cobbled_deepslate_wall":12,"minecraft:cartography_table":1,"minecraft:stone_brick_stairs":30,"minecraft:crafter":1,"minecraft:stone_slab":42,"minecraft:iron_pickaxe":3,"minecraft:iron_block":83,"minecraft:gold_ingot":196,"minecraft:composter":17,"minecraft:golden_carrot":33,"minecraft:stone_shovel":2,"minecraft:smooth_stone_slab":6,"minecraft:jukebox":1,"minecraft:diamond_hoe":3,"minecraft:bone_meal":705,"minecraft:white_carpet":57,"minecraft:polished_tuff":4,"minecraft:red_shulker_box":1,"minecraft:stone_pickaxe":1,"minecraft:diamond_boots":2,"minecraft:dark_oak_planks":4,"minecraft:enchanting_table":1,"minecraft:red_bed":3,"minecraft:enchanted_book":9,"minecraft:oak_fence_gate":29,"minecraft:golden_apple":4,"minecraft:chainmail_boots":1,"minecraft:fermented_spider_eye":3,"minecraft:iron_leggings":3,"minecraft:white_bed":45,"minecraft:grindstone":2,"minecraft:oak_planks":3010,"minecraft:stone":9,"minecraft:warped_planks":636,"minecraft:brown_carpet":3,"minecraft:hopper":79,"minecraft:stone_brick_slab":66,"minecraft:bow":3,"minecraft:iron_boots":2,"minecraft:comparator":15,"minecraft:chest":222,"minecraft:oak_button":1,"minecraft:rail":528,"minecraft:stone_hoe":1,"minecraft:ender_eye":15,"minecraft:stone_bricks":172,"minecraft:oak_fence":82,"minecraft:golden_boots":1,"minecraft:smoker":2,"minecraft:dropper":1,"minecraft:oak_slab":120,"minecraft:crafting_table":15,"minecraft:spruce_planks":2780,"minecraft:iron_helmet":3,"minecraft:wooden_pickaxe":1,"minecraft:baked_potato":299,"minecraft:red_wool":9,"minecraft:brewing_stand":1,"minecraft:birch_planks":456,"minecraft:dispenser":1,"minecraft:spruce_trapdoor":920,"minecraft:book":1,"minecraft:iron_chestplate":2,"minecraft:paper":429,"minecraft:diamond_pickaxe":8,"minecraft:yellow_dye":4,"minecraft:shield":2,"minecraft:warped_fence_gate":249,"minecraft:stick":1589,"minecraft:iron_ingot":319,"minecraft:gray_carpet":3,"minecraft:redstone_torch":145,"minecraft:light_gray_carpet":3,"minecraft:shears":9,"minecraft:oak_door":3,"minecraft:cobbled_deepslate_slab":12,"minecraft:redstone":18,"minecraft:raw_iron":9,"minecraft:stone_brick_wall":126,"minecraft:blast_furnace":2,"minecraft:stone_button":949,"minecraft:furnace":19,"minecraft:mushroom_stew":8,"minecraft:oak_trapdoor":70,"minecraft:glass_pane":32,"minecraft:flint_and_steel":2,"minecraft:scaffolding":252,"minecraft:iron_axe":2,"minecraft:spruce_wood":3,"minecraft:minecart":27,"minecraft:observer":10,"minecraft:cooked_beef":8,"minecraft:sugar":5,"minecraft:red_dye":21,"minecraft:diamond_sword":9,"minecraft:powered_rail":6,"minecraft:yellow_carpet":6,"minecraft:iron_sword":4,"minecraft:bowl":4,"minecraft:bucket":15,"minecraft:stone_axe":1,"minecraft:air":0,"minecraft:acacia_boat":1,"minecraft:oak_boat":1,"minecraft:white_wool":27,"minecraft:gold_nugget":333,"minecraft:white_dye":18,"minecraft:stonecutter":1,"minecraft:anvil":6,"minecraft:acacia_planks":16,"minecraft:torch":256,"minecraft:diamond_chestplate":2,"minecraft:firework_rocket":528},"minecraft:dropped":{"minecraft:iron_sword":3,"minecraft:short_grass":3,"minecraft:lapis_lazuli":163,"minecraft:cooked_beef":4,"minecraft:glow_ink_sac":2,"minecraft:glass_bottle":2,"minecraft:diamond":29,"minecraft:crafting_table":2,"minecraft:crafter":1,"minecraft:warped_roots":5,"minecraft:cracked_stone_bricks":1,"minecraft:saddle":1,"minecraft:purpur_stairs":1,"minecraft:elytra":2,"minecraft:rail":13,"minecraft:leather_helmet":1,"minecraft:dirt":917,"minecraft:melon":2,"minecraft:stone_button":65,"minecraft:bone_meal":234,"minecraft:sand":17,"minecraft:iron_pickaxe":2,"minecraft:dark_oak_planks":2,"minecraft:white_wool":4,"minecraft:bone":37,"minecraft:oak_door":2,"minecraft:stone_axe":1,"minecraft:compass":1,"minecraft:sugar_cane":7,"minecraft:lever":1,"minecraft:iron_nugget":53,"minecraft:cooked_chicken":1,"minecraft:golden_chestplate":2,"minecraft:cobbled_deepslate":86,"minecraft:obsidian":4,"minecraft:rotten_flesh":247,"minecraft:oak_planks":52,"minecraft:glowstone_dust":4,"minecraft:end_stone":195,"minecraft:nether_brick_fence":9,"minecraft:azure_bluet":1,"minecraft:salmon":2,"minecraft:waxed_copper_block":4,"minecraft:tipped_arrow":8,"minecraft:coal_ore":47,"minecraft:hopper":1,"minecraft:leather_boots":2,"minecraft:breeze_rod":31,"minecraft:end_stone_bricks":1,"minecraft:warped_wart_block":1,"minecraft:crying_obsidian":2,"minecraft:egg":4,"minecraft:enchanted_book":25,"minecraft:golden_boots":1,"minecraft:iron_ingot":64,"minecraft:birch_leaves":5,"minecraft:wheat_seeds":37,"minecraft:clock":1,"minecraft:sculk_shrieker":1,"minecraft:deepslate_redstone_ore":2,"minecraft:dripstone_block":3,"minecraft:iron_helmet":2,"minecraft:cobblestone":237,"minecraft:book":110,"minecraft:waxed_copper_grate":2,"minecraft:granite":334,"minecraft:coal":76,"minecraft:golden_apple":64,"minecraft:mushroom_stew":2,"minecraft:oxeye_daisy":1,"minecraft:sculk":3,"minecraft:golden_carrot":17,"minecraft:lapis_ore":7,"minecraft:potion":2,"minecraft:oak_stairs":1,"minecraft:pumpkin":4,"minecraft:white_banner":1,"minecraft:iron_shovel":1,"minecraft:paper":12,"minecraft:string":26,"minecraft:acacia_planks":7,"minecraft:spruce_sapling":4,"minecraft:stone_brick_slab":8,"minecraft:snow_block":4,"minecraft:purpur_pillar":5,"minecraft:moss_carpet":16,"minecraft:soul_soil":405,"minecraft:stone_sword":10,"minecraft:smooth_stone_slab":6,"minecraft:deepslate":3889,"minecraft:diamond_hoe":3,"minecraft:iron_boots":3,"minecraft:stone_slab":16,"minecraft:nether_bricks":17,"minecraft:deepslate_lapis_ore":1,"minecraft:diamond_sword":20,"minecraft:potato":18,"minecraft:hay_block":1,"minecraft:stone":857,"minecraft:spruce_trapdoor":8,"minecraft:spruce_planks":20,"minecraft:diamond_pickaxe":7,"minecraft:yellow_bed":3,"minecraft:redstone_torch":4,"minecraft:bamboo":17,"minecraft:spider_eye":46,"minecraft:stone_bricks":8,"minecraft:sandstone":3,"minecraft:bow":1,"minecraft:magma_block":1,"minecraft:birch_planks":4,"minecraft:soul_sand":336,"minecraft:moss_block":28,"minecraft:brown_mushroom":1,"minecraft:diamond_axe":2,"minecraft:oak_log":154,"minecraft:baked_potato":64,"minecraft:ender_pearl":4448,"minecraft:leather":4,"minecraft:deepslate_gold_ore":2,"minecraft:packed_ice":52,"minecraft:dispenser":2,"minecraft:warped_fence_gate":3,"minecraft:coast_armor_trim_smithing_template":3,"minecraft:furnace_minecart":1,"minecraft:gold_ingot":7,"minecraft:gravel":213,"minecraft:purpur_block":2,"minecraft:chiseled_tuff_bricks":6,"minecraft:diamond_shovel":4,"minecraft:carrot":72,"minecraft:poppy":455,"minecraft:oak_fence_gate":7,"minecraft:trident":1,"minecraft:gunpowder":4,"minecraft:beetroot_seeds":5,"minecraft:melon_seeds":4,"minecraft:stone_brick_wall":247,"minecraft:azalea":1,"minecraft:chest":1,"minecraft:basalt":2,"minecraft:iron_bars":1,"minecraft:arrow":99,"minecraft:scaffolding":72,"minecraft:quartz":26,"minecraft:oak_leaves":10,"minecraft:netherrack":32,"minecraft:firework_rocket":5,"minecraft:water_bucket":4,"minecraft:bread":6,"minecraft:oak_slab":1,"minecraft:golden_helmet":1,"minecraft:mossy_cobblestone":4,"minecraft:sculk_vein":1,"minecraft:polished_tuff":4,"minecraft:copper_ingot":3,"minecraft:ominous_trial_key":1,"minecraft:grass_block":234,"minecraft:stick":5,"minecraft:diorite":284,"minecraft:sculk_catalyst":1,"minecraft:torch":166,"minecraft:waxed_copper_bulb":2,"minecraft:iron_door":3,"minecraft:iron_leggings":2,"minecraft:flowering_azalea":3,"minecraft:iron_axe":1,"minecraft:cactus":1,"minecraft:bucket":9,"minecraft:dandelion":16,"minecraft:redstone":284,"minecraft:anvil":1,"minecraft:kelp":64,"minecraft:tuff_bricks":14,"minecraft:warped_nylium":1,"minecraft:oak_trapdoor":4,"minecraft:ender_chest":1,"minecraft:blaze_rod":2,"minecraft:tuff":326,"minecraft:raw_iron":3,"minecraft:composter":1,"minecraft:ender_eye":1,"minecraft:shulker_box":2,"minecraft:flint_and_steel":3,"minecraft:copper_ore":5,"minecraft:filled_map":1,"minecraft:oak_button":3,"minecraft:diamond_chestplate":1,"minecraft:iron_chestplate":2,"minecraft:andesite":196,"minecraft:mossy_stone_bricks":1,"minecraft:golden_leggings":2,"minecraft:oak_sapling":17,"minecraft:diamond_boots":1,"minecraft:spruce_log":224,"minecraft:stone_pickaxe":1,"minecraft:wooden_pickaxe":1,"minecraft:raw_gold":155,"minecraft:brick":6},"minecraft:picked_up":{"minecraft:iron_chestplate":7,"minecraft:chainmail_boots":1,"minecraft:anvil":5,"minecraft:stone_slab":297,"minecraft:diamond_sword":43,"minecraft:oak_stairs":222,"minecraft:wither_rose":2,"minecraft:enchanted_book":55,"minecraft:golden_sword":2,"minecraft:string":211,"minecraft:soul_soil":450,"minecraft:sculk_shrieker":2,"minecraft:diamond_leggings":8,"minecraft:gold_nugget":131,"minecraft:cobbled_deepslate":994,"minecraft:spruce_planks":30,"minecraft:trial_key":11,"minecraft:enchanted_golden_apple":2,"minecraft:golden_helmet":7,"minecraft:jukebox":1,"minecraft:composter":15,"minecraft:purpur_pillar":5,"minecraft:acacia_log":4,"minecraft:golden_axe":2,"minecraft:waxed_copper_grate":2,"minecraft:golden_chestplate":5,"minecraft:rabbit_foot":2,"minecraft:stone_sword":19,"minecraft:honey_bottle":2,"minecraft:iron_block":332,"minecraft:bookshelf":755,"minecraft:blaze_rod":55,"minecraft:iron_bars":60,"minecraft:birch_log":118,"minecraft:furnace_minecart":65,"minecraft:magma_block":3,"minecraft:cooked_beef":121,"minecraft:iron_door":3,"minecraft:water_bucket":21,"minecraft:brown_wool":5,"minecraft:smoker":5,"minecraft:flint":16,"minecraft:lantern":12,"minecraft:stonecutter":1,"minecraft:rabbit":2,"minecraft:diamond_helmet":11,"minecraft:glowstone_dust":6,"minecraft:moss_block":1076,"minecraft:warped_wart_block":2,"minecraft:ink_sac":8,"minecraft:barrel":1,"minecraft:dispenser":17,"minecraft:deepslate":7418,"minecraft:lever":2,"minecraft:deepslate_gold_ore":11,"minecraft:granite":677,"minecraft:bread":29,"minecraft:music_disc_precipice":2,"minecraft:ominous_trial_key":8,"minecraft:crimson_roots":1,"minecraft:diamond_pickaxe":33,"minecraft:spruce_leaves":1,"minecraft:crafting_table":40,"minecraft:ominous_bottle":3,"minecraft:nether_wart":23,"minecraft:dragon_head":1,"minecraft:purpur_block":3,"minecraft:heavy_weighted_pressure_plate":4,"minecraft:wind_charge":41,"minecraft:cornflower":4,"minecraft:elytra":14,"minecraft:flint_and_steel":3,"minecraft:compass":1,"minecraft:white_carpet":9,"minecraft:iron_shovel":2,"minecraft:glass_pane":4,"minecraft:cracked_stone_bricks":1,"minecraft:cartography_table":1,"minecraft:deepslate_diamond_ore":2,"minecraft:beef":21,"minecraft:chiseled_tuff":2,"minecraft:iron_nugget":99,"minecraft:poppy":399,"minecraft:minecart":109,"minecraft:guster_pottery_sherd":2,"minecraft:chest":57,"minecraft:waxed_oxidized_copper":2,"minecraft:diamond_hoe":5,"minecraft:egg":8,"minecraft:copper_ore":15,"minecraft:sandstone":3,"minecraft:stone":16819,"minecraft:oak_door":8,"minecraft:fire_charge":8,"minecraft:flow_pottery_sherd":3,"minecraft:carrot":428,"minecraft:redstone":733,"minecraft:stone_shovel":1,"minecraft:diamond_chestplate":15,"minecraft:beetroot_seeds":7,"minecraft:diamond_boots":12,"minecraft:purpur_slab":1,"minecraft:hay_block":1,"minecraft:flow_armor_trim_smithing_template":2,"minecraft:gold_ingot":25,"minecraft:totem_of_undying":2,"minecraft:tuff_bricks":42,"minecraft:mutton":9,"minecraft:white_wool":286,"minecraft:bone_block":24,"minecraft:rail":1831,"minecraft:oxeye_daisy":5,"minecraft:lapis_ore":7,"minecraft:birch_leaves":6,"minecraft:clock":1,"minecraft:red_glazed_terracotta":2,"minecraft:red_mushroom":11,"minecraft:crafter":2,"minecraft:purpur_stairs":1,"minecraft:oak_log":919,"minecraft:ancient_debris":2,"minecraft:golden_boots":7,"minecraft:sculk_vein":2,"minecraft:paper":74,"minecraft:white_banner":5,"minecraft:apple":27,"minecraft:stone_bricks":20,"minecraft:kelp":336,"minecraft:warped_stem":159,"minecraft:oak_fence_gate":14,"minecraft:iron_ore":5,"minecraft:iron_sword":2,"minecraft:flowering_azalea":16,"minecraft:sculk":6,"minecraft:waxed_exposed_copper_bulb":1,"minecraft:gravel":502,"minecraft:spruce_sapling":56,"minecraft:spruce_log":938,"minecraft:crying_obsidian":4,"minecraft:polished_tuff":11,"minecraft:dragon_egg":1,"minecraft:leather_helmet":1,"minecraft:firework_rocket":80,"minecraft:diamond_shovel":11,"minecraft:coal_ore":121,"minecraft:slime_ball":9,"minecraft:stone_axe":1,"minecraft:short_grass":3,"minecraft:diamond_axe":16,"minecraft:deepslate_redstone_ore":12,"minecraft:gray_wool":7,"minecraft:warped_roots":13,"minecraft:oak_button":6,"minecraft:baked_potato":402,"minecraft:melon_seeds":4,"minecraft:warped_nylium":5,"minecraft:hopper":69,"minecraft:ender_pearl":4588,"minecraft:shulker_shell":12,"minecraft:wheat":14,"minecraft:redstone_block":2,"minecraft:ender_chest":35,"minecraft:nether_brick_fence":13,"minecraft:potion":9,"minecraft:stone_brick_stairs":2,"minecraft:raw_copper":102,"minecraft:deepslate_lapis_ore":3,"minecraft:iron_leggings":7,"minecraft:zombie_head":1,"minecraft:oak_sign":1,"minecraft:comparator":1,"minecraft:bucket":18,"minecraft:eye_armor_trim_smithing_template":21,"minecraft:redstone_torch":4,"minecraft:ender_eye":8,"minecraft:azalea":36,"minecraft:iron_pickaxe":8,"minecraft:deepslate_iron_ore":21,"minecraft:iron_boots":2,"minecraft:furnace":9,"minecraft:tipped_arrow":148,"minecraft:stick":150,"minecraft:oak_fence":3,"minecraft:torch":431,"minecraft:snow_block":8,"minecraft:porkchop":4,"minecraft:diorite":364,"minecraft:cactus":2,"minecraft:rotten_flesh":543,"minecraft:obsidian":73,"minecraft:cobblestone":1499,"minecraft:enchanting_table":1,"minecraft:magma_cream":16,"minecraft:repeater":1,"minecraft:andesite":631,"minecraft:golden_leggings":5,"minecraft:beacon":2,"minecraft:potato":75,"minecraft:tuff":769,"minecraft:wither_skeleton_skull":9,"minecraft:acacia_boat":5,"minecraft:lapis_lazuli":1497,"minecraft:dirt":10885,"minecraft:name_tag":7,"minecraft:leather_boots":5,"minecraft:acacia_planks":7,"minecraft:glass":30,"minecraft:bone":1042,"minecraft:bow":15,"minecraft:wheat_seeds":340,"minecraft:raw_gold":362,"minecraft:cobbled_deepslate_slab":4,"minecraft:bell":1,"minecraft:grindstone":2,"minecraft:bolt_armor_trim_smithing_template":1,"minecraft:mossy_stone_bricks":1,"minecraft:bamboo":448,"minecraft:powered_rail":58,"minecraft:oak_planks":301,"minecraft:ghast_tear":2,"minecraft:cooked_porkchop":83,"minecraft:sand":500,"minecraft:melon":4,"minecraft:grass_block":2558,"minecraft:warped_fence_gate":31,"minecraft:shulker_box":151,"minecraft:mossy_cobblestone":32,"minecraft:diamond":559,"minecraft:cracked_polished_blackstone_bricks":12,"minecraft:crossbow":13,"minecraft:breeze_rod":142,"minecraft:bone_meal":36,"minecraft:golden_apple":65,"minecraft:emerald":90,"minecraft:oak_sapling":49,"minecraft:netherrack":873,"minecraft:oak_leaves":769,"minecraft:nether_star":1,"minecraft:end_stone_bricks":2,"minecraft:azure_bluet":7,"minecraft:brown_mushroom":13,"minecraft:packed_ice":963,"minecraft:stone_brick_wall":242,"minecraft:gold_block":3,"minecraft:brick":58,"minecraft:shield":8,"minecraft:oak_trapdoor":43,"minecraft:moss_carpet":152,"minecraft:iron_axe":8,"minecraft:blackstone":8,"minecraft:oak_boat":5,"minecraft:observer":8,"minecraft:light_gray_wool":4,"minecraft:lectern":162,"minecraft:sugar_cane":477,"minecraft:spruce_trapdoor":71,"minecraft:raw_iron":863,"minecraft:end_stone":549,"minecraft:copper_ingot":5,"minecraft:bowl":2,"minecraft:polished_blackstone_bricks":54,"minecraft:stone_button":2,"minecraft:trident":2,"minecraft:dark_oak_planks":2,"minecraft:arrow":754,"minecraft:red_shulker_box":56,"minecraft:nether_bricks":144,"minecraft:saddle":2,"minecraft:basalt":4,"minecraft:golden_carrot":10,"minecraft:glow_ink_sac":5,"minecraft:salmon":26,"minecraft:leather":74,"minecraft:birch_planks":7,"minecraft:waxed_copper_bulb":7,"minecraft:crimson_fungus":1,"minecraft:waxed_copper_block":7,"minecraft:yellow_bed":14,"minecraft:gunpowder":292,"minecraft:cobblestone_stairs":3,"minecraft:cooked_mutton":20,"minecraft:coast_armor_trim_smithing_template":3,"minecraft:rabbit_hide":2,"minecraft:iron_ingot":690,"minecraft:polished_tuff_slab":2,"minecraft:cooked_chicken":4,"minecraft:soul_sand":364,"minecraft:book":616,"minecraft:sculk_catalyst":1,"minecraft:scaffolding":585,"minecraft:oak_slab":3,"minecraft:warped_fungus":5,"minecraft:emerald_block":3,"minecraft:birch_boat":1,"minecraft:pumpkin":52,"minecraft:stone_brick_slab":123,"minecraft:quartz":252,"minecraft:dandelion":57,"minecraft:raw_iron_block":1,"minecraft:dripstone_block":9,"minecraft:amethyst_shard":168,"minecraft:blast_furnace":2,"minecraft:white_bed":30,"minecraft:gold_ore":5,"minecraft:spider_eye":110,"minecraft:sculk_sensor":4,"minecraft:iron_helmet":4,"minecraft:black_wool":8,"minecraft:coal":1160,"minecraft:chiseled_tuff_bricks":21},"minecraft:killed_by":{"minecraft:zombie":1,"minecraft:ender_dragon":5,"minecraft:wither":1,"minecraft:wither_skeleton":1,"minecraft:creeper":3,"minecraft:player":1,"minecraft:enderman":1,"minecraft:iron_golem":1}},"DataVersion":4082}