{"stats":{"minecraft:custom":{"minecraft:interact_with_crafting_table":264,"minecraft:open_barrel":14,"minecraft:bell_ring":6,"minecraft:leave_game":14,"minecraft:time_since_death":170572,"minecraft:damage_blocked_by_shield":6175,"minecraft:play_time":2294380,"minecraft:deaths":21,"minecraft:jump":38039,"minecraft:enchant_item":332,"minecraft:interact_with_furnace":204,"minecraft:play_record":1,"minecraft:traded_with_villager":245,"minecraft:sleep_in_bed":51,"minecraft:damage_dealt":528242,"minecraft:interact_with_smoker":29,"minecraft:inspect_dispenser":55,"minecraft:interact_with_smithing_table":1,"minecraft:interact_with_anvil":73,"minecraft:inspect_hopper":52,"minecraft:sneak_time":308507,"minecraft:interact_with_blast_furnace":73,"minecraft:total_world_time":2294380,"minecraft:interact_with_stonecutter":5,"minecraft:time_since_rest":7059,"minecraft:swim_one_cm":377191,"minecraft:fly_one_cm":8634656,"minecraft:open_chest":2522,"minecraft:fall_one_cm":684243,"minecraft:animals_bred":5,"minecraft:open_shulker_box":163,"minecraft:damage_resisted":68,"minecraft:sprint_one_cm":4674242,"minecraft:drop":922,"minecraft:talked_to_villager":316,"minecraft:interact_with_brewingstand":21,"minecraft:walk_on_water_one_cm":304286,"minecraft:open_enderchest":51,"minecraft:interact_with_beacon":4,"minecraft:player_kills":1,"minecraft:crouch_one_cm":1386322,"minecraft:mob_kills":19073,"minecraft:climb_one_cm":254924,"minecraft:walk_one_cm":5228709,"minecraft:walk_under_water_one_cm":272742,"minecraft:boat_one_cm":168370,"minecraft:raid_trigger":2,"minecraft:interact_with_grindstone":114,"minecraft:damage_taken":31669,"minecraft:damage_absorbed":241,"minecraft:minecart_one_cm":40978,"minecraft:aviate_one_cm":9177748},"minecraft:killed":{"minecraft:cave_spider":4,"minecraft:shulker":20,"minecraft:skeleton":118,"minecraft:magma_cube":57,"minecraft:salmon":15,"minecraft:iron_golem":5,"minecraft:ender_dragon":1,"minecraft:pillager":25,"minecraft:zombie":193,"minecraft:cow":31,"minecraft:evoker":1,"minecraft:vindicator":7,"minecraft:husk":15,"minecraft:rabbit":1,"minecraft:ravager":1,"minecraft:breeze":11,"minecraft:enderman":17140,"minecraft:witch":4,"minecraft:spider":71,"minecraft:wither":1,"minecraft:silverfish":5,"minecraft:piglin":3,"minecraft:pig":19,"minecraft:zombie_villager":5,"minecraft:creeper":64,"minecraft:sheep":9,"minecraft:stray":73,"minecraft:blaze":22,"minecraft:slime":4,"minecraft:drowned":10,"minecraft:squid":2,"minecraft:wither_skeleton":60,"minecraft:villager":5},"minecraft:used":{"minecraft:moss_block":11,"minecraft:tuff_bricks":2,"minecraft:dispenser":1,"minecraft:elytra":92,"minecraft:chest":136,"minecraft:stone":10313,"minecraft:rotten_flesh":23,"minecraft:soul_sand":14,"minecraft:crafter":2,"minecraft:packed_ice":278,"minecraft:lava_bucket":2,"minecraft:villager_spawn_egg":6,"minecraft:grass_block":24,"minecraft:bow":11,"minecraft:ominous_bottle":3,"minecraft:furnace":18,"minecraft:potato":43,"minecraft:end_stone_bricks":1,"minecraft:powered_rail":2,"minecraft:wooden_pickaxe":7,"minecraft:composter":13,"minecraft:oak_leaves":767,"minecraft:golden_apple":4,"minecraft:sand":2,"minecraft:blast_furnace":2,"minecraft:deepslate_iron_ore":6,"minecraft:lectern":162,"minecraft:diamond_sword":6015,"minecraft:oak_boat":3,"minecraft:oak_trapdoor":62,"minecraft:enchanting_table":3,"minecraft:light_gray_carpet":3,"minecraft:trial_key":6,"minecraft:netherrack":107,"minecraft:torch":270,"minecraft:dragon_egg":1,"minecraft:brewing_stand":1,"minecraft:anvil":10,"minecraft:oak_fence_gate":6,"minecraft:red_shulker_box":26,"minecraft:iron_axe":132,"minecraft:iron_block":337,"minecraft:totem_of_undying":1,"minecraft:barrel":1,"minecraft:bamboo":11,"minecraft:diamond_chestplate":90,"minecraft:beef":1,"minecraft:cobbled_deepslate":305,"minecraft:wheat_seeds":13,"minecraft:water_bucket":498,"minecraft:gold_ore":5,"minecraft:mossy_cobblestone":1,"minecraft:rail":1406,"minecraft:crafting_table":33,"minecraft:red_bed":3,"minecraft:white_bed":67,"minecraft:diamond_pickaxe":35844,"minecraft:ender_eye":18,"minecraft:ominous_trial_key":3,"minecraft:diamond_shovel":21881,"minecraft:wind_charge":3,"minecraft:oak_button":1,"minecraft:iron_pickaxe":338,"minecraft:cobblestone":433,"minecraft:potion":2,"minecraft:cooked_porkchop":42,"minecraft:warped_fence_gate":280,"minecraft:glass_pane":24,"minecraft:jukebox":1,"minecraft:diamond_leggings":2,"minecraft:diamond_hoe":3341,"minecraft:bone_block":2,"minecraft:shield":98,"minecraft:iron_sword":776,"minecraft:nether_wart":9,"minecraft:bell":1,"minecraft:nether_bricks":45,"minecraft:carrot":225,"minecraft:furnace_minecart":61,"minecraft:milk_bucket":1,"minecraft:obsidian":18,"minecraft:glass":2,"minecraft:waxed_oxidized_copper":1,"minecraft:coal_ore":87,"minecraft:stone_bricks":14,"minecraft:deepslate_diamond_ore":18,"minecraft:brown_carpet":3,"minecraft:scaffolding":363,"minecraft:golden_boots":1,"minecraft:wither_skeleton_skull":5,"minecraft:birch_leaves":1,"minecraft:stone_pickaxe":155,"minecraft:oak_planks":24,"minecraft:ender_pearl":50,"minecraft:sugar_cane":39,"minecraft:diamond_axe":1889,"minecraft:white_wool":3,"minecraft:mushroom_stew":6,"minecraft:deepslate_redstone_ore":8,"minecraft:crossbow":12,"minecraft:end_stone":216,"minecraft:stone_brick_wall":873,"minecraft:deepslate_lapis_ore":27,"minecraft:shears":761,"minecraft:polished_tuff":4,"minecraft:redstone_torch":1,"minecraft:firework_rocket":307,"minecraft:bread":11,"minecraft:deepslate":211,"minecraft:gravel":8,"minecraft:golden_helmet":1,"minecraft:grindstone":4,"minecraft:andesite":47,"minecraft:bone_meal":288,"minecraft:trident":2,"minecraft:oak_fence":45,"minecraft:purpur_block":1,"minecraft:flint_and_steel":2,"minecraft:stone_shovel":107,"minecraft:redstone":2,"minecraft:ender_chest":21,"minecraft:deepslate_gold_ore":1,"minecraft:stone_hoe":40,"minecraft:cooked_chicken":3,"minecraft:oak_door":6,"minecraft:dirt":1120,"minecraft:white_carpet":35,"minecraft:hopper":105,"minecraft:diamond_helmet":2,"minecraft:shulker_box":95,"minecraft:granite":55,"minecraft:stone_brick_slab":421,"minecraft:bookshelf":105,"minecraft:golden_carrot":22,"minecraft:soul_soil":23,"minecraft:minecart":46,"minecraft:cooked_beef":85,"minecraft:iron_leggings":1,"minecraft:cobbled_deepslate_wall":8,"minecraft:cooked_mutton":19,"minecraft:acacia_boat":5,"minecraft:iron_ore":5,"minecraft:glass_bottle":6,"minecraft:baked_potato":358,"minecraft:beacon":2,"minecraft:stonecutter":1,"minecraft:smoker":5,"minecraft:apple":5,"minecraft:stone_slab":278,"minecraft:stone_axe":69,"minecraft:cobbled_deepslate_slab":11,"minecraft:bucket":502,"minecraft:yellow_bed":10,"minecraft:splash_potion":3},"minecraft:broken":{"minecraft:golden_boots":1,"minecraft:diamond_helmet":1,"minecraft:shears":3,"minecraft:diamond_pickaxe":1,"minecraft:iron_sword":2,"minecraft:shield":1,"minecraft:iron_pickaxe":1,"minecraft:diamond_hoe":1},"minecraft:mined":{"minecraft:dragon_wall_head":1,"minecraft:red_shulker_box":25,"minecraft:white_bed":11,"minecraft:obsidian":17,"minecraft:granite":1503,"minecraft:acacia_log":4,"minecraft:stone_brick_wall":38,"minecraft:purpur_slab":1,"minecraft:chiseled_tuff_bricks":8,"minecraft:crimson_fungus":1,"minecraft:hopper":70,"minecraft:oxeye_daisy":3,"minecraft:spawner":1,"minecraft:tall_seagrass":2,"minecraft:magma_block":1,"minecraft:cobbled_deepslate":70,"minecraft:fire":88,"minecraft:barrel":3,"minecraft:moss_carpet":129,"minecraft:pumpkin":25,"minecraft:deepslate_lapis_ore":69,"minecraft:enchanting_table":1,"minecraft:dirt_path":124,"minecraft:oak_stairs":51,"minecraft:iron_block":173,"minecraft:brown_mushroom":9,"minecraft:kelp_plant":30,"minecraft:smoker":4,"minecraft:soul_fire":2,"minecraft:amethyst_cluster":23,"minecraft:powder_snow":4,"minecraft:torch":27,"minecraft:blast_furnace":1,"minecraft:melon":1,"minecraft:sugar_cane":173,"minecraft:amethyst_block":4,"minecraft:waxed_copper_bulb":6,"minecraft:wheat":12,"minecraft:jukebox":1,"minecraft:waxed_copper_block":16,"minecraft:warped_fungus":3,"minecraft:deepslate":9605,"minecraft:mossy_cobblestone":7,"minecraft:end_stone":235,"minecraft:shulker_box":95,"minecraft:crafter":2,"minecraft:nether_bricks":147,"minecraft:cobbled_deepslate_slab":3,"minecraft:crimson_roots":1,"minecraft:redstone_wire":1,"minecraft:kelp":40,"minecraft:red_mushroom":11,"minecraft:moss_block":2527,"minecraft:redstone_ore":17,"minecraft:andesite":1100,"minecraft:chiseled_tuff":2,"minecraft:potatoes":16,"minecraft:rail":564,"minecraft:warped_stem":165,"minecraft:bamboo":24,"minecraft:bone_block":24,"minecraft:white_wool":3,"minecraft:ender_chest":21,"minecraft:oak_slab":2,"minecraft:glass_pane":5,"minecraft:soul_sand":7,"minecraft:stone_brick_slab":67,"minecraft:dandelion":8,"minecraft:cobbled_deepslate_wall":1,"minecraft:short_grass":708,"minecraft:warped_roots":4,"minecraft:purpur_pillar":7,"minecraft:copper_ore":130,"minecraft:tall_grass":138,"minecraft:deepslate_gold_ore":163,"minecraft:diorite":1394,"minecraft:warped_wart_block":1,"minecraft:spruce_log":7,"minecraft:birch_leaves":12,"minecraft:gravel":522,"minecraft:dripstone_block":1,"minecraft:cobweb":13,"minecraft:stone_bricks":18,"minecraft:gold_ore":24,"minecraft:farmland":1,"minecraft:warped_fence_gate":32,"minecraft:cobblestone_stairs":3,"minecraft:sculk_vein":16,"minecraft:budding_amethyst":1,"minecraft:grass_block":8300,"minecraft:soul_soil":19,"minecraft:composter":11,"minecraft:frosted_ice":8,"minecraft:tuff_bricks":32,"minecraft:raw_iron_block":1,"minecraft:sculk_catalyst":2,"minecraft:iron_ore":316,"minecraft:polished_tuff":11,"minecraft:anvil":4,"minecraft:azure_bluet":3,"minecraft:iron_bars":1,"minecraft:polished_tuff_slab":2,"minecraft:azalea":50,"minecraft:end_stone_bricks":2,"minecraft:deepslate_redstone_ore":107,"minecraft:purpur_stairs":1,"minecraft:calcite":4,"minecraft:poppy":3,"minecraft:beacon":1,"minecraft:chest":54,"minecraft:nether_quartz_ore":49,"minecraft:cobblestone":232,"minecraft:oak_planks":62,"minecraft:grindstone":2,"minecraft:waxed_chiseled_copper":1,"minecraft:iron_door":4,"minecraft:wall_torch":9,"minecraft:deepslate_copper_ore":2,"minecraft:seagrass":1,"minecraft:warped_nylium":12,"minecraft:birch_log":115,"minecraft:purpur_block":3,"minecraft:oak_log":628,"minecraft:waxed_oxidized_copper":1,"minecraft:sand":491,"minecraft:dirt":12440,"minecraft:wither_skeleton_skull":2,"minecraft:dispenser":11,"minecraft:netherrack":194,"minecraft:oak_leaves":856,"minecraft:nether_gold_ore":5,"minecraft:crying_obsidian":1,"minecraft:tuff":1139,"minecraft:deepslate_diamond_ore":230,"minecraft:oak_door":6,"minecraft:decorated_pot":15,"minecraft:spruce_leaves":19,"minecraft:sandstone":3,"minecraft:large_fern":3,"minecraft:hay_block":1,"minecraft:oak_trapdoor":35,"minecraft:furnace":9,"minecraft:carrots":51,"minecraft:nether_sprouts":1,"minecraft:gold_block":1,"minecraft:bell":1,"minecraft:nether_brick_fence":10,"minecraft:bookshelf":520,"minecraft:deepslate_iron_ore":172,"minecraft:packed_ice":991,"minecraft:stone":16470,"minecraft:waxed_exposed_copper_bulb":1,"minecraft:scaffolding":110,"minecraft:flowering_azalea":27,"minecraft:snow_block":5,"minecraft:basalt":2,"minecraft:oak_fence":4,"minecraft:crafting_table":30,"minecraft:sculk_sensor":12,"minecraft:lectern":159,"minecraft:stone_slab":50,"minecraft:red_glazed_terracotta":2,"minecraft:lapis_ore":20,"minecraft:sculk":200,"minecraft:cactus":1,"minecraft:ice":1,"minecraft:yellow_bed":9,"minecraft:coal_ore":393,"minecraft:cracked_stone_bricks":1,"minecraft:mossy_stone_bricks":1},"minecraft:crafted":{"minecraft:ender_chest":1,"minecraft:yellow_wool":4,"minecraft:smooth_stone":13,"minecraft:blaze_powder":16,"minecraft:diamond_shovel":5,"minecraft:bookshelf":16,"minecraft:shulker_box":6,"minecraft:glass":23,"minecraft:diamond_helmet":3,"minecraft:repeater":18,"minecraft:diamond_leggings":3,"minecraft:beacon":1,"minecraft:name_tag":15,"minecraft:glass_bottle":9,"minecraft:furnace_minecart":3,"minecraft:emerald":251,"minecraft:cooked_porkchop":2,"minecraft:diamond_axe":4,"minecraft:cobbled_deepslate_wall":12,"minecraft:crafter":1,"minecraft:stone_slab":42,"minecraft:iron_pickaxe":3,"minecraft:iron_block":83,"minecraft:gold_ingot":196,"minecraft:composter":17,"minecraft:golden_carrot":33,"minecraft:stone_shovel":2,"minecraft:smooth_stone_slab":6,"minecraft:jukebox":1,"minecraft:diamond_hoe":3,"minecraft:bone_meal":558,"minecraft:white_carpet":24,"minecraft:polished_tuff":4,"minecraft:red_shulker_box":1,"minecraft:stone_pickaxe":1,"minecraft:diamond_boots":2,"minecraft:dark_oak_planks":4,"minecraft:enchanting_table":1,"minecraft:red_bed":3,"minecraft:enchanted_book":5,"minecraft:oak_fence_gate":6,"minecraft:golden_apple":4,"minecraft:chainmail_boots":1,"minecraft:fermented_spider_eye":3,"minecraft:iron_leggings":3,"minecraft:white_bed":45,"minecraft:grindstone":2,"minecraft:oak_planks":2380,"minecraft:stone":9,"minecraft:warped_planks":636,"minecraft:brown_carpet":3,"minecraft:hopper":79,"minecraft:stone_brick_slab":30,"minecraft:bow":3,"minecraft:iron_boots":2,"minecraft:comparator":15,"minecraft:chest":188,"minecraft:oak_button":1,"minecraft:rail":528,"minecraft:stone_hoe":1,"minecraft:ender_eye":15,"minecraft:oak_fence":82,"minecraft:stone_bricks":152,"minecraft:golden_boots":1,"minecraft:smoker":1,"minecraft:dropper":1,"minecraft:oak_slab":120,"minecraft:crafting_table":12,"minecraft:spruce_planks":24,"minecraft:iron_helmet":3,"minecraft:wooden_pickaxe":1,"minecraft:baked_potato":281,"minecraft:red_wool":9,"minecraft:birch_planks":436,"minecraft:brewing_stand":1,"minecraft:dispenser":1,"minecraft:book":1,"minecraft:iron_chestplate":2,"minecraft:paper":273,"minecraft:diamond_pickaxe":8,"minecraft:yellow_dye":4,"minecraft:shield":2,"minecraft:warped_fence_gate":249,"minecraft:stick":1509,"minecraft:iron_ingot":319,"minecraft:gray_carpet":3,"minecraft:redstone_torch":141,"minecraft:light_gray_carpet":3,"minecraft:shears":9,"minecraft:cobbled_deepslate_slab":12,"minecraft:oak_door":3,"minecraft:raw_iron":9,"minecraft:stone_brick_wall":126,"minecraft:furnace":18,"minecraft:blast_furnace":2,"minecraft:mushroom_stew":8,"minecraft:glass_pane":32,"minecraft:oak_trapdoor":70,"minecraft:flint_and_steel":1,"minecraft:scaffolding":180,"minecraft:iron_axe":2,"minecraft:spruce_wood":3,"minecraft:observer":10,"minecraft:minecart":18,"minecraft:cooked_beef":8,"minecraft:sugar":5,"minecraft:red_dye":21,"minecraft:diamond_sword":6,"minecraft:powered_rail":6,"minecraft:yellow_carpet":6,"minecraft:iron_sword":4,"minecraft:bowl":4,"minecraft:bucket":6,"minecraft:stone_axe":1,"minecraft:air":0,"minecraft:acacia_boat":1,"minecraft:oak_boat":1,"minecraft:white_wool":22,"minecraft:gold_nugget":333,"minecraft:white_dye":18,"minecraft:stonecutter":1,"minecraft:anvil":6,"minecraft:acacia_planks":16,"minecraft:torch":256,"minecraft:diamond_chestplate":2,"minecraft:firework_rocket":312},"minecraft:dropped":{"minecraft:iron_sword":3,"minecraft:short_grass":3,"minecraft:lapis_lazuli":102,"minecraft:cooked_beef":2,"minecraft:glow_ink_sac":2,"minecraft:glass_bottle":2,"minecraft:diamond":29,"minecraft:crafting_table":2,"minecraft:crafter":1,"minecraft:warped_roots":5,"minecraft:cracked_stone_bricks":1,"minecraft:saddle":1,"minecraft:purpur_stairs":1,"minecraft:elytra":2,"minecraft:rail":13,"minecraft:leather_helmet":1,"minecraft:dirt":257,"minecraft:melon":2,"minecraft:stone_button":1,"minecraft:bone_meal":234,"minecraft:sand":17,"minecraft:iron_pickaxe":2,"minecraft:dark_oak_planks":2,"minecraft:white_wool":3,"minecraft:bone":32,"minecraft:oak_door":2,"minecraft:stone_axe":1,"minecraft:compass":1,"minecraft:sugar_cane":7,"minecraft:iron_nugget":53,"minecraft:cooked_chicken":1,"minecraft:golden_chestplate":1,"minecraft:cobbled_deepslate":86,"minecraft:obsidian":4,"minecraft:rotten_flesh":225,"minecraft:oak_planks":52,"minecraft:end_stone":3,"minecraft:nether_brick_fence":9,"minecraft:waxed_copper_block":1,"minecraft:tipped_arrow":8,"minecraft:coal_ore":47,"minecraft:hopper":1,"minecraft:leather_boots":2,"minecraft:breeze_rod":31,"minecraft:end_stone_bricks":1,"minecraft:warped_wart_block":1,"minecraft:crying_obsidian":2,"minecraft:egg":4,"minecraft:enchanted_book":25,"minecraft:iron_ingot":27,"minecraft:birch_leaves":5,"minecraft:wheat_seeds":37,"minecraft:clock":1,"minecraft:sculk_shrieker":1,"minecraft:deepslate_redstone_ore":2,"minecraft:dripstone_block":3,"minecraft:iron_helmet":2,"minecraft:cobblestone":234,"minecraft:book":110,"minecraft:granite":334,"minecraft:coal":76,"minecraft:golden_apple":64,"minecraft:mushroom_stew":2,"minecraft:oxeye_daisy":1,"minecraft:sculk":3,"minecraft:golden_carrot":17,"minecraft:lapis_ore":7,"minecraft:potion":2,"minecraft:oak_stairs":1,"minecraft:pumpkin":4,"minecraft:white_banner":1,"minecraft:iron_shovel":1,"minecraft:paper":12,"minecraft:string":16,"minecraft:acacia_planks":7,"minecraft:spruce_sapling":2,"minecraft:stone_brick_slab":8,"minecraft:snow_block":4,"minecraft:purpur_pillar":5,"minecraft:moss_carpet":16,"minecraft:stone_sword":4,"minecraft:smooth_stone_slab":6,"minecraft:deepslate":3889,"minecraft:diamond_hoe":3,"minecraft:iron_boots":3,"minecraft:stone_slab":16,"minecraft:nether_bricks":17,"minecraft:deepslate_lapis_ore":1,"minecraft:diamond_sword":16,"minecraft:potato":18,"minecraft:hay_block":1,"minecraft:stone":727,"minecraft:diamond_pickaxe":6,"minecraft:yellow_bed":3,"minecraft:redstone_torch":4,"minecraft:bamboo":9,"minecraft:spider_eye":46,"minecraft:stone_bricks":8,"minecraft:sandstone":3,"minecraft:bow":1,"minecraft:magma_block":1,"minecraft:soul_sand":2,"minecraft:moss_block":28,"minecraft:brown_mushroom":1,"minecraft:diamond_axe":2,"minecraft:oak_log":145,"minecraft:baked_potato":64,"minecraft:ender_pearl":3952,"minecraft:leather":4,"minecraft:deepslate_gold_ore":2,"minecraft:packed_ice":52,"minecraft:dispenser":2,"minecraft:warped_fence_gate":3,"minecraft:coast_armor_trim_smithing_template":3,"minecraft:furnace_minecart":1,"minecraft:gold_ingot":7,"minecraft:gravel":213,"minecraft:purpur_block":2,"minecraft:chiseled_tuff_bricks":6,"minecraft:diamond_shovel":3,"minecraft:carrot":72,"minecraft:poppy":1,"minecraft:trident":1,"minecraft:gunpowder":4,"minecraft:beetroot_seeds":5,"minecraft:melon_seeds":4,"minecraft:stone_brick_wall":247,"minecraft:azalea":1,"minecraft:iron_bars":1,"minecraft:basalt":2,"minecraft:arrow":52,"minecraft:scaffolding":35,"minecraft:quartz":26,"minecraft:oak_leaves":10,"minecraft:netherrack":32,"minecraft:firework_rocket":5,"minecraft:water_bucket":4,"minecraft:bread":6,"minecraft:oak_slab":1,"minecraft:golden_helmet":1,"minecraft:sculk_vein":1,"minecraft:polished_tuff":4,"minecraft:copper_ingot":3,"minecraft:ominous_trial_key":1,"minecraft:grass_block":2,"minecraft:stick":5,"minecraft:diorite":284,"minecraft:torch":166,"minecraft:sculk_catalyst":1,"minecraft:waxed_copper_bulb":2,"minecraft:iron_door":3,"minecraft:iron_leggings":2,"minecraft:flowering_azalea":3,"minecraft:iron_axe":1,"minecraft:cactus":1,"minecraft:bucket":9,"minecraft:dandelion":16,"minecraft:redstone":275,"minecraft:anvil":1,"minecraft:kelp":64,"minecraft:tuff_bricks":14,"minecraft:warped_nylium":1,"minecraft:oak_trapdoor":4,"minecraft:ender_chest":1,"minecraft:blaze_rod":2,"minecraft:tuff":326,"minecraft:composter":1,"minecraft:raw_iron":3,"minecraft:ender_eye":1,"minecraft:shulker_box":2,"minecraft:flint_and_steel":2,"minecraft:copper_ore":5,"minecraft:filled_map":1,"minecraft:oak_button":3,"minecraft:diamond_chestplate":1,"minecraft:iron_chestplate":2,"minecraft:andesite":196,"minecraft:mossy_stone_bricks":1,"minecraft:golden_leggings":1,"minecraft:oak_sapling":17,"minecraft:diamond_boots":1,"minecraft:stone_pickaxe":1,"minecraft:wooden_pickaxe":1,"minecraft:raw_gold":155,"minecraft:brick":6},"minecraft:picked_up":{"minecraft:iron_chestplate":7,"minecraft:chainmail_boots":1,"minecraft:anvil":5,"minecraft:stone_slab":297,"minecraft:diamond_sword":38,"minecraft:oak_stairs":50,"minecraft:wither_rose":2,"minecraft:enchanted_book":54,"minecraft:golden_sword":1,"minecraft:string":169,"minecraft:soul_soil":38,"minecraft:sculk_shrieker":2,"minecraft:diamond_leggings":8,"minecraft:gold_nugget":54,"minecraft:cobbled_deepslate":994,"minecraft:trial_key":11,"minecraft:enchanted_golden_apple":1,"minecraft:golden_helmet":6,"minecraft:jukebox":1,"minecraft:composter":15,"minecraft:purpur_pillar":5,"minecraft:acacia_log":4,"minecraft:golden_chestplate":3,"minecraft:rabbit_foot":2,"minecraft:stone_sword":9,"minecraft:honey_bottle":2,"minecraft:iron_block":324,"minecraft:bookshelf":755,"minecraft:blaze_rod":53,"minecraft:iron_bars":60,"minecraft:birch_log":113,"minecraft:furnace_minecart":65,"minecraft:magma_block":3,"minecraft:cooked_beef":119,"minecraft:iron_door":3,"minecraft:water_bucket":21,"minecraft:brown_wool":5,"minecraft:smoker":4,"minecraft:flint":9,"minecraft:lantern":12,"minecraft:rabbit":2,"minecraft:diamond_helmet":11,"minecraft:moss_block":1076,"minecraft:warped_wart_block":2,"minecraft:ink_sac":8,"minecraft:barrel":1,"minecraft:dispenser":14,"minecraft:deepslate":7418,"minecraft:deepslate_gold_ore":11,"minecraft:granite":677,"minecraft:bread":29,"minecraft:music_disc_precipice":2,"minecraft:ominous_trial_key":4,"minecraft:crimson_roots":1,"minecraft:diamond_pickaxe":30,"minecraft:crafting_table":36,"minecraft:ominous_bottle":2,"minecraft:dragon_head":1,"minecraft:purpur_block":3,"minecraft:heavy_weighted_pressure_plate":4,"minecraft:wind_charge":19,"minecraft:cornflower":4,"minecraft:elytra":13,"minecraft:flint_and_steel":3,"minecraft:compass":1,"minecraft:iron_shovel":2,"minecraft:glass_pane":4,"minecraft:cracked_stone_bricks":1,"minecraft:deepslate_diamond_ore":2,"minecraft:beef":21,"minecraft:chiseled_tuff":2,"minecraft:iron_nugget":99,"minecraft:poppy":10,"minecraft:minecart":108,"minecraft:guster_pottery_sherd":2,"minecraft:chest":54,"minecraft:waxed_oxidized_copper":1,"minecraft:diamond_hoe":5,"minecraft:egg":8,"minecraft:copper_ore":15,"minecraft:sandstone":3,"minecraft:stone":15851,"minecraft:oak_door":7,"minecraft:fire_charge":8,"minecraft:flow_pottery_sherd":3,"minecraft:carrot":427,"minecraft:redstone":714,"minecraft:stone_shovel":1,"minecraft:diamond_chestplate":14,"minecraft:beetroot_seeds":7,"minecraft:diamond_boots":11,"minecraft:purpur_slab":1,"minecraft:hay_block":1,"minecraft:flow_armor_trim_smithing_template":2,"minecraft:gold_ingot":25,"minecraft:totem_of_undying":2,"minecraft:tuff_bricks":28,"minecraft:mutton":9,"minecraft:white_wool":268,"minecraft:bone_block":24,"minecraft:rail":1677,"minecraft:oxeye_daisy":4,"minecraft:lapis_ore":7,"minecraft:birch_leaves":6,"minecraft:clock":1,"minecraft:red_glazed_terracotta":2,"minecraft:red_mushroom":11,"minecraft:crafter":2,"minecraft:purpur_stairs":1,"minecraft:oak_log":807,"minecraft:golden_boots":7,"minecraft:sculk_vein":2,"minecraft:paper":74,"minecraft:white_banner":4,"minecraft:apple":26,"minecraft:stone_bricks":19,"minecraft:kelp":336,"minecraft:warped_stem":159,"minecraft:iron_ore":5,"minecraft:iron_sword":2,"minecraft:flowering_azalea":16,"minecraft:sculk":6,"minecraft:waxed_exposed_copper_bulb":1,"minecraft:gravel":455,"minecraft:spruce_sapling":2,"minecraft:spruce_log":7,"minecraft:crying_obsidian":4,"minecraft:polished_tuff":11,"minecraft:dragon_egg":1,"minecraft:leather_helmet":1,"minecraft:firework_rocket":44,"minecraft:diamond_shovel":6,"minecraft:coal_ore":121,"minecraft:slime_ball":9,"minecraft:stone_axe":1,"minecraft:short_grass":3,"minecraft:diamond_axe":14,"minecraft:deepslate_redstone_ore":12,"minecraft:gray_wool":7,"minecraft:warped_roots":13,"minecraft:oak_button":6,"minecraft:baked_potato":375,"minecraft:melon_seeds":4,"minecraft:warped_nylium":5,"minecraft:hopper":69,"minecraft:ender_pearl":4097,"minecraft:shulker_shell":12,"minecraft:wheat":14,"minecraft:redstone_block":2,"minecraft:ender_chest":25,"minecraft:nether_brick_fence":13,"minecraft:potion":8,"minecraft:raw_copper":102,"minecraft:deepslate_lapis_ore":3,"minecraft:iron_leggings":7,"minecraft:zombie_head":1,"minecraft:oak_sign":1,"minecraft:bucket":18,"minecraft:eye_armor_trim_smithing_template":21,"minecraft:redstone_torch":4,"minecraft:ender_eye":8,"minecraft:azalea":36,"minecraft:iron_pickaxe":8,"minecraft:deepslate_iron_ore":21,"minecraft:iron_boots":2,"minecraft:furnace":9,"minecraft:tipped_arrow":102,"minecraft:stick":105,"minecraft:oak_fence":3,"minecraft:torch":423,"minecraft:snow_block":8,"minecraft:porkchop":4,"minecraft:diorite":364,"minecraft:cactus":2,"minecraft:rotten_flesh":498,"minecraft:obsidian":29,"minecraft:cobblestone":1429,"minecraft:enchanting_table":1,"minecraft:magma_cream":16,"minecraft:andesite":606,"minecraft:golden_leggings":4,"minecraft:beacon":1,"minecraft:potato":75,"minecraft:tuff":769,"minecraft:wither_skeleton_skull":7,"minecraft:acacia_boat":5,"minecraft:lapis_lazuli":1321,"minecraft:dirt":8500,"minecraft:name_tag":7,"minecraft:leather_boots":5,"minecraft:acacia_planks":7,"minecraft:glass":12,"minecraft:bone":651,"minecraft:bow":12,"minecraft:wheat_seeds":332,"minecraft:raw_gold":362,"minecraft:cobbled_deepslate_slab":4,"minecraft:bell":1,"minecraft:grindstone":2,"minecraft:bolt_armor_trim_smithing_template":1,"minecraft:mossy_stone_bricks":1,"minecraft:bamboo":260,"minecraft:powered_rail":58,"minecraft:oak_planks":253,"minecraft:cooked_porkchop":52,"minecraft:sand":464,"minecraft:melon":4,"minecraft:grass_block":1761,"minecraft:warped_fence_gate":31,"minecraft:shulker_box":105,"minecraft:mossy_cobblestone":8,"minecraft:diamond":559,"minecraft:crossbow":9,"minecraft:breeze_rod":87,"minecraft:bone_meal":34,"minecraft:golden_apple":65,"minecraft:emerald":67,"minecraft:oak_sapling":47,"minecraft:netherrack":257,"minecraft:oak_leaves":768,"minecraft:nether_star":1,"minecraft:end_stone_bricks":2,"minecraft:azure_bluet":5,"minecraft:brown_mushroom":13,"minecraft:packed_ice":963,"minecraft:stone_brick_wall":242,"minecraft:gold_block":1,"minecraft:brick":58,"minecraft:shield":7,"minecraft:oak_trapdoor":43,"minecraft:moss_carpet":152,"minecraft:iron_axe":8,"minecraft:oak_boat":5,"minecraft:light_gray_wool":4,"minecraft:lectern":162,"minecraft:sugar_cane":325,"minecraft:raw_iron":863,"minecraft:end_stone":293,"minecraft:copper_ingot":5,"minecraft:bowl":2,"minecraft:stone_button":1,"minecraft:trident":1,"minecraft:dark_oak_planks":2,"minecraft:arrow":550,"minecraft:red_shulker_box":25,"minecraft:nether_bricks":144,"minecraft:saddle":2,"minecraft:basalt":2,"minecraft:golden_carrot":6,"minecraft:glow_ink_sac":5,"minecraft:salmon":14,"minecraft:leather":60,"minecraft:birch_planks":7,"minecraft:waxed_copper_bulb":7,"minecraft:crimson_fungus":1,"minecraft:waxed_copper_block":2,"minecraft:yellow_bed":14,"minecraft:gunpowder":156,"minecraft:cobblestone_stairs":3,"minecraft:cooked_mutton":16,"minecraft:coast_armor_trim_smithing_template":3,"minecraft:rabbit_hide":2,"minecraft:iron_ingot":616,"minecraft:polished_tuff_slab":2,"minecraft:cooked_chicken":4,"minecraft:soul_sand":8,"minecraft:book":589,"minecraft:sculk_catalyst":1,"minecraft:scaffolding":398,"minecraft:oak_slab":3,"minecraft:warped_fungus":5,"minecraft:emerald_block":3,"minecraft:birch_boat":1,"minecraft:pumpkin":52,"minecraft:stone_brick_slab":94,"minecraft:quartz":124,"minecraft:dandelion":51,"minecraft:dripstone_block":9,"minecraft:raw_iron_block":1,"minecraft:amethyst_shard":168,"minecraft:blast_furnace":2,"minecraft:white_bed":29,"minecraft:gold_ore":5,"minecraft:spider_eye":107,"minecraft:sculk_sensor":4,"minecraft:iron_helmet":4,"minecraft:black_wool":8,"minecraft:chiseled_tuff_bricks":13,"minecraft:coal":937},"minecraft:killed_by":{"minecraft:zombie":1,"minecraft:ender_dragon":5,"minecraft:wither":1,"minecraft:creeper":3,"minecraft:player":1,"minecraft:enderman":1,"minecraft:iron_golem":1}},"DataVersion":4082}