{"stats":{"minecraft:custom":{"minecraft:interact_with_crafting_table":227,"minecraft:bell_ring":6,"minecraft:leave_game":11,"minecraft:time_since_death":55913,"minecraft:damage_blocked_by_shield":5538,"minecraft:play_time":1893707,"minecraft:deaths":20,"minecraft:jump":32019,"minecraft:enchant_item":326,"minecraft:interact_with_furnace":183,"minecraft:traded_with_villager":244,"minecraft:sleep_in_bed":35,"minecraft:damage_dealt":455179,"minecraft:interact_with_smoker":29,"minecraft:inspect_dispenser":33,"minecraft:interact_with_smithing_table":1,"minecraft:interact_with_anvil":66,"minecraft:inspect_hopper":27,"minecraft:sneak_time":273377,"minecraft:interact_with_blast_furnace":57,"minecraft:total_world_time":1893707,"minecraft:interact_with_stonecutter":5,"minecraft:time_since_rest":55935,"minecraft:swim_one_cm":357031,"minecraft:fly_one_cm":7314617,"minecraft:open_chest":1946,"minecraft:fall_one_cm":595922,"minecraft:animals_bred":5,"minecraft:open_shulker_box":116,"minecraft:sprint_one_cm":3728404,"minecraft:drop":786,"minecraft:talked_to_villager":301,"minecraft:interact_with_brewingstand":9,"minecraft:walk_on_water_one_cm":250197,"minecraft:open_enderchest":41,"minecraft:interact_with_beacon":2,"minecraft:player_kills":1,"minecraft:crouch_one_cm":1225194,"minecraft:mob_kills":17357,"minecraft:climb_one_cm":100470,"minecraft:walk_one_cm":4185167,"minecraft:walk_under_water_one_cm":242760,"minecraft:boat_one_cm":168370,"minecraft:raid_trigger":2,"minecraft:interact_with_grindstone":111,"minecraft:damage_taken":28321,"minecraft:damage_absorbed":241,"minecraft:minecart_one_cm":71,"minecraft:aviate_one_cm":7842163},"minecraft:killed":{"minecraft:cave_spider":4,"minecraft:shulker":20,"minecraft:skeleton":94,"minecraft:magma_cube":57,"minecraft:ender_dragon":1,"minecraft:pillager":25,"minecraft:zombie":156,"minecraft:cow":27,"minecraft:evoker":1,"minecraft:vindicator":7,"minecraft:rabbit":1,"minecraft:ravager":1,"minecraft:enderman":15786,"minecraft:witch":3,"minecraft:spider":54,"minecraft:wither":1,"minecraft:piglin":3,"minecraft:pig":19,"minecraft:zombie_villager":5,"minecraft:creeper":54,"minecraft:sheep":9,"minecraft:blaze":22,"minecraft:slime":4,"minecraft:drowned":9,"minecraft:squid":2,"minecraft:wither_skeleton":60,"minecraft:villager":5},"minecraft:used":{"minecraft:moss_block":11,"minecraft:dispenser":1,"minecraft:elytra":82,"minecraft:chest":112,"minecraft:stone":9784,"minecraft:rotten_flesh":22,"minecraft:soul_sand":5,"minecraft:packed_ice":277,"minecraft:lava_bucket":2,"minecraft:villager_spawn_egg":6,"minecraft:grass_block":1,"minecraft:bow":11,"minecraft:ominous_bottle":2,"minecraft:furnace":10,"minecraft:potato":43,"minecraft:end_stone_bricks":1,"minecraft:powered_rail":2,"minecraft:wooden_pickaxe":7,"minecraft:composter":13,"minecraft:oak_leaves":767,"minecraft:golden_apple":4,"minecraft:sand":2,"minecraft:blast_furnace":2,"minecraft:deepslate_iron_ore":6,"minecraft:lectern":162,"minecraft:diamond_sword":5160,"minecraft:oak_boat":3,"minecraft:oak_trapdoor":55,"minecraft:enchanting_table":3,"minecraft:light_gray_carpet":3,"minecraft:netherrack":107,"minecraft:torch":182,"minecraft:dragon_egg":1,"minecraft:brewing_stand":1,"minecraft:anvil":10,"minecraft:oak_fence_gate":6,"minecraft:red_shulker_box":19,"minecraft:iron_block":171,"minecraft:iron_axe":132,"minecraft:totem_of_undying":1,"minecraft:bamboo":11,"minecraft:diamond_chestplate":83,"minecraft:beef":1,"minecraft:cobbled_deepslate":304,"minecraft:wheat_seeds":13,"minecraft:water_bucket":418,"minecraft:gold_ore":5,"minecraft:rail":1127,"minecraft:crafting_table":32,"minecraft:red_bed":3,"minecraft:white_bed":67,"minecraft:ender_eye":18,"minecraft:diamond_pickaxe":33039,"minecraft:diamond_shovel":2908,"minecraft:oak_button":1,"minecraft:iron_pickaxe":338,"minecraft:cobblestone":420,"minecraft:potion":2,"minecraft:cooked_porkchop":42,"minecraft:warped_fence_gate":280,"minecraft:glass_pane":24,"minecraft:diamond_leggings":2,"minecraft:bone_block":2,"minecraft:diamond_hoe":3341,"minecraft:shield":93,"minecraft:iron_sword":776,"minecraft:bell":1,"minecraft:nether_bricks":45,"minecraft:carrot":66,"minecraft:furnace_minecart":47,"minecraft:obsidian":18,"minecraft:glass":2,"minecraft:coal_ore":87,"minecraft:stone_bricks":14,"minecraft:deepslate_diamond_ore":18,"minecraft:brown_carpet":3,"minecraft:scaffolding":363,"minecraft:golden_boots":1,"minecraft:wither_skeleton_skull":5,"minecraft:birch_leaves":1,"minecraft:stone_pickaxe":155,"minecraft:oak_planks":18,"minecraft:ender_pearl":50,"minecraft:sugar_cane":39,"minecraft:diamond_axe":1485,"minecraft:white_wool":3,"minecraft:mushroom_stew":6,"minecraft:deepslate_redstone_ore":2,"minecraft:crossbow":12,"minecraft:stone_brick_wall":872,"minecraft:end_stone":216,"minecraft:deepslate_lapis_ore":27,"minecraft:shears":761,"minecraft:polished_tuff":4,"minecraft:redstone_torch":1,"minecraft:firework_rocket":303,"minecraft:bread":11,"minecraft:deepslate":211,"minecraft:gravel":8,"minecraft:golden_helmet":1,"minecraft:grindstone":3,"minecraft:andesite":47,"minecraft:bone_meal":248,"minecraft:oak_fence":45,"minecraft:purpur_block":1,"minecraft:flint_and_steel":2,"minecraft:stone_shovel":107,"minecraft:ender_chest":21,"minecraft:deepslate_gold_ore":1,"minecraft:stone_hoe":40,"minecraft:cooked_chicken":3,"minecraft:oak_door":6,"minecraft:dirt":566,"minecraft:white_carpet":35,"minecraft:hopper":105,"minecraft:diamond_helmet":2,"minecraft:shulker_box":80,"minecraft:granite":55,"minecraft:stone_brick_slab":421,"minecraft:bookshelf":105,"minecraft:soul_soil":23,"minecraft:minecart":31,"minecraft:cooked_beef":57,"minecraft:iron_leggings":1,"minecraft:cobbled_deepslate_wall":8,"minecraft:cooked_mutton":19,"minecraft:acacia_boat":5,"minecraft:iron_ore":5,"minecraft:glass_bottle":3,"minecraft:baked_potato":349,"minecraft:beacon":1,"minecraft:stonecutter":1,"minecraft:smoker":5,"minecraft:apple":5,"minecraft:stone_slab":262,"minecraft:stone_axe":69,"minecraft:cobbled_deepslate_slab":11,"minecraft:bucket":423,"minecraft:yellow_bed":9,"minecraft:splash_potion":2},"minecraft:broken":{"minecraft:golden_boots":1,"minecraft:diamond_helmet":1,"minecraft:shears":3,"minecraft:diamond_pickaxe":1,"minecraft:iron_sword":2,"minecraft:shield":1,"minecraft:iron_pickaxe":1,"minecraft:diamond_hoe":1},"minecraft:mined":{"minecraft:dragon_wall_head":1,"minecraft:red_shulker_box":19,"minecraft:white_bed":11,"minecraft:obsidian":17,"minecraft:granite":1489,"minecraft:acacia_log":4,"minecraft:stone_brick_wall":37,"minecraft:purpur_slab":1,"minecraft:hopper":69,"minecraft:crimson_fungus":1,"minecraft:oxeye_daisy":1,"minecraft:spawner":1,"minecraft:tall_seagrass":2,"minecraft:magma_block":1,"minecraft:cobbled_deepslate":48,"minecraft:fire":82,"minecraft:pumpkin":25,"minecraft:moss_carpet":129,"minecraft:deepslate_lapis_ore":69,"minecraft:enchanting_table":1,"minecraft:dirt_path":11,"minecraft:iron_block":171,"minecraft:brown_mushroom":9,"minecraft:kelp_plant":30,"minecraft:smoker":4,"minecraft:soul_fire":2,"minecraft:powder_snow":4,"minecraft:torch":27,"minecraft:blast_furnace":1,"minecraft:melon":1,"minecraft:sugar_cane":172,"minecraft:wheat":12,"minecraft:warped_fungus":3,"minecraft:deepslate":9518,"minecraft:shulker_box":80,"minecraft:end_stone":235,"minecraft:nether_bricks":147,"minecraft:cobbled_deepslate_slab":1,"minecraft:crimson_roots":1,"minecraft:moss_block":2527,"minecraft:red_mushroom":11,"minecraft:kelp":40,"minecraft:redstone_ore":17,"minecraft:andesite":1067,"minecraft:potatoes":16,"minecraft:rail":382,"minecraft:warped_stem":165,"minecraft:bamboo":24,"minecraft:bone_block":24,"minecraft:white_wool":3,"minecraft:ender_chest":21,"minecraft:glass_pane":4,"minecraft:soul_sand":7,"minecraft:stone_brick_slab":58,"minecraft:dandelion":4,"minecraft:cobbled_deepslate_wall":1,"minecraft:short_grass":507,"minecraft:warped_roots":4,"minecraft:purpur_pillar":7,"minecraft:tall_grass":118,"minecraft:copper_ore":110,"minecraft:deepslate_gold_ore":142,"minecraft:diorite":1393,"minecraft:warped_wart_block":1,"minecraft:spruce_log":7,"minecraft:birch_leaves":12,"minecraft:gravel":516,"minecraft:dripstone_block":1,"minecraft:cobweb":5,"minecraft:stone_bricks":18,"minecraft:gold_ore":24,"minecraft:warped_fence_gate":32,"minecraft:sculk_vein":16,"minecraft:grass_block":672,"minecraft:soul_soil":19,"minecraft:composter":11,"minecraft:frosted_ice":8,"minecraft:raw_iron_block":1,"minecraft:sculk_catalyst":2,"minecraft:iron_ore":316,"minecraft:polished_tuff":4,"minecraft:anvil":4,"minecraft:iron_bars":1,"minecraft:azalea":50,"minecraft:end_stone_bricks":2,"minecraft:deepslate_redstone_ore":97,"minecraft:purpur_stairs":1,"minecraft:beacon":1,"minecraft:chest":53,"minecraft:nether_quartz_ore":49,"minecraft:cobblestone":178,"minecraft:grindstone":2,"minecraft:oak_planks":20,"minecraft:iron_door":4,"minecraft:wall_torch":8,"minecraft:deepslate_copper_ore":2,"minecraft:seagrass":1,"minecraft:warped_nylium":12,"minecraft:birch_log":115,"minecraft:purpur_block":3,"minecraft:oak_log":360,"minecraft:sand":48,"minecraft:dirt":1844,"minecraft:wither_skeleton_skull":2,"minecraft:netherrack":194,"minecraft:oak_leaves":817,"minecraft:nether_gold_ore":5,"minecraft:crying_obsidian":1,"minecraft:tuff":1130,"minecraft:deepslate_diamond_ore":213,"minecraft:oak_door":6,"minecraft:spruce_leaves":19,"minecraft:large_fern":3,"minecraft:hay_block":1,"minecraft:oak_trapdoor":28,"minecraft:furnace":9,"minecraft:carrots":9,"minecraft:nether_sprouts":1,"minecraft:gold_block":1,"minecraft:bell":1,"minecraft:nether_brick_fence":10,"minecraft:bookshelf":520,"minecraft:deepslate_iron_ore":172,"minecraft:packed_ice":989,"minecraft:stone":14369,"minecraft:scaffolding":103,"minecraft:flowering_azalea":27,"minecraft:snow_block":5,"minecraft:basalt":2,"minecraft:oak_fence":3,"minecraft:crafting_table":29,"minecraft:sculk_sensor":12,"minecraft:lectern":159,"minecraft:stone_slab":43,"minecraft:lapis_ore":20,"minecraft:sculk":200,"minecraft:cactus":1,"minecraft:ice":1,"minecraft:yellow_bed":6,"minecraft:coal_ore":353,"minecraft:cracked_stone_bricks":1,"minecraft:mossy_stone_bricks":1},"minecraft:crafted":{"minecraft:ender_chest":1,"minecraft:yellow_wool":4,"minecraft:smooth_stone":13,"minecraft:blaze_powder":16,"minecraft:diamond_shovel":2,"minecraft:bookshelf":16,"minecraft:shulker_box":6,"minecraft:glass":23,"minecraft:diamond_helmet":3,"minecraft:diamond_leggings":3,"minecraft:beacon":1,"minecraft:name_tag":15,"minecraft:glass_bottle":3,"minecraft:furnace_minecart":3,"minecraft:emerald":224,"minecraft:cooked_porkchop":2,"minecraft:diamond_axe":4,"minecraft:cobbled_deepslate_wall":12,"minecraft:stone_slab":30,"minecraft:iron_pickaxe":3,"minecraft:iron_block":83,"minecraft:gold_ingot":166,"minecraft:composter":17,"minecraft:stone_shovel":2,"minecraft:smooth_stone_slab":6,"minecraft:diamond_hoe":3,"minecraft:bone_meal":504,"minecraft:white_carpet":24,"minecraft:polished_tuff":4,"minecraft:red_shulker_box":1,"minecraft:stone_pickaxe":1,"minecraft:diamond_boots":2,"minecraft:dark_oak_planks":4,"minecraft:enchanting_table":1,"minecraft:red_bed":3,"minecraft:enchanted_book":5,"minecraft:oak_fence_gate":6,"minecraft:golden_apple":4,"minecraft:fermented_spider_eye":3,"minecraft:iron_leggings":3,"minecraft:white_bed":45,"minecraft:grindstone":1,"minecraft:oak_planks":1564,"minecraft:stone":9,"minecraft:warped_planks":636,"minecraft:brown_carpet":3,"minecraft:hopper":36,"minecraft:stone_brick_slab":30,"minecraft:bow":2,"minecraft:iron_boots":2,"minecraft:chest":104,"minecraft:oak_button":1,"minecraft:rail":528,"minecraft:stone_hoe":1,"minecraft:ender_eye":15,"minecraft:oak_fence":82,"minecraft:stone_bricks":144,"minecraft:golden_boots":1,"minecraft:smoker":1,"minecraft:oak_slab":120,"minecraft:crafting_table":10,"minecraft:spruce_planks":24,"minecraft:iron_helmet":3,"minecraft:wooden_pickaxe":1,"minecraft:baked_potato":281,"minecraft:red_wool":9,"minecraft:birch_planks":436,"minecraft:brewing_stand":1,"minecraft:dispenser":1,"minecraft:book":1,"minecraft:iron_chestplate":2,"minecraft:paper":273,"minecraft:diamond_pickaxe":8,"minecraft:yellow_dye":4,"minecraft:shield":1,"minecraft:warped_fence_gate":249,"minecraft:stick":1264,"minecraft:iron_ingot":319,"minecraft:gray_carpet":3,"minecraft:redstone_torch":7,"minecraft:light_gray_carpet":3,"minecraft:shears":9,"minecraft:cobbled_deepslate_slab":12,"minecraft:oak_door":3,"minecraft:raw_iron":9,"minecraft:stone_brick_wall":120,"minecraft:furnace":10,"minecraft:blast_furnace":2,"minecraft:mushroom_stew":8,"minecraft:glass_pane":32,"minecraft:oak_trapdoor":66,"minecraft:flint_and_steel":1,"minecraft:scaffolding":180,"minecraft:iron_axe":2,"minecraft:spruce_wood":3,"minecraft:minecart":18,"minecraft:cooked_beef":8,"minecraft:sugar":5,"minecraft:red_dye":21,"minecraft:diamond_sword":5,"minecraft:powered_rail":6,"minecraft:yellow_carpet":6,"minecraft:iron_sword":4,"minecraft:bowl":4,"minecraft:bucket":6,"minecraft:stone_axe":1,"minecraft:air":0,"minecraft:acacia_boat":1,"minecraft:oak_boat":1,"minecraft:white_wool":22,"minecraft:gold_nugget":63,"minecraft:white_dye":18,"minecraft:stonecutter":1,"minecraft:anvil":6,"minecraft:acacia_planks":16,"minecraft:torch":228,"minecraft:diamond_chestplate":2,"minecraft:firework_rocket":309},"minecraft:dropped":{"minecraft:iron_sword":3,"minecraft:short_grass":3,"minecraft:lapis_lazuli":102,"minecraft:cooked_beef":2,"minecraft:glass_bottle":2,"minecraft:diamond":29,"minecraft:crafting_table":2,"minecraft:warped_roots":5,"minecraft:cracked_stone_bricks":1,"minecraft:saddle":1,"minecraft:purpur_stairs":1,"minecraft:elytra":1,"minecraft:rail":13,"minecraft:dirt":14,"minecraft:melon":1,"minecraft:stone_button":1,"minecraft:bone_meal":220,"minecraft:sand":1,"minecraft:iron_pickaxe":2,"minecraft:dark_oak_planks":2,"minecraft:white_wool":3,"minecraft:bone":16,"minecraft:oak_door":2,"minecraft:stone_axe":1,"minecraft:compass":1,"minecraft:sugar_cane":7,"minecraft:golden_chestplate":1,"minecraft:cobbled_deepslate":71,"minecraft:obsidian":4,"minecraft:rotten_flesh":201,"minecraft:oak_planks":41,"minecraft:end_stone":3,"minecraft:nether_brick_fence":9,"minecraft:end_stone_bricks":1,"minecraft:warped_wart_block":1,"minecraft:crying_obsidian":1,"minecraft:egg":4,"minecraft:enchanted_book":25,"minecraft:iron_ingot":16,"minecraft:birch_leaves":5,"minecraft:wheat_seeds":28,"minecraft:clock":1,"minecraft:deepslate_redstone_ore":2,"minecraft:dripstone_block":3,"minecraft:book":110,"minecraft:cobblestone":141,"minecraft:iron_helmet":2,"minecraft:granite":137,"minecraft:coal":12,"minecraft:golden_apple":64,"minecraft:mushroom_stew":2,"minecraft:oxeye_daisy":1,"minecraft:lapis_ore":7,"minecraft:potion":2,"minecraft:oak_stairs":1,"minecraft:pumpkin":4,"minecraft:white_banner":1,"minecraft:iron_shovel":1,"minecraft:paper":12,"minecraft:string":8,"minecraft:acacia_planks":7,"minecraft:spruce_sapling":2,"minecraft:stone_brick_slab":8,"minecraft:snow_block":4,"minecraft:purpur_pillar":5,"minecraft:moss_carpet":16,"minecraft:stone_sword":4,"minecraft:smooth_stone_slab":6,"minecraft:deepslate":3505,"minecraft:diamond_hoe":1,"minecraft:iron_boots":3,"minecraft:stone_slab":16,"minecraft:nether_bricks":17,"minecraft:deepslate_lapis_ore":1,"minecraft:diamond_sword":14,"minecraft:potato":18,"minecraft:hay_block":1,"minecraft:stone":272,"minecraft:diamond_pickaxe":4,"minecraft:yellow_bed":3,"minecraft:redstone_torch":4,"minecraft:spider_eye":23,"minecraft:stone_bricks":8,"minecraft:bamboo":9,"minecraft:bow":1,"minecraft:magma_block":1,"minecraft:soul_sand":2,"minecraft:moss_block":28,"minecraft:brown_mushroom":1,"minecraft:diamond_axe":2,"minecraft:baked_potato":64,"minecraft:ender_pearl":3951,"minecraft:leather":4,"minecraft:deepslate_gold_ore":2,"minecraft:packed_ice":51,"minecraft:warped_fence_gate":3,"minecraft:coast_armor_trim_smithing_template":3,"minecraft:furnace_minecart":1,"minecraft:gold_ingot":7,"minecraft:gravel":200,"minecraft:purpur_block":2,"minecraft:diamond_shovel":2,"minecraft:carrot":8,"minecraft:gunpowder":4,"minecraft:stone_brick_wall":195,"minecraft:azalea":1,"minecraft:basalt":2,"minecraft:iron_bars":1,"minecraft:arrow":43,"minecraft:scaffolding":2,"minecraft:quartz":26,"minecraft:oak_leaves":3,"minecraft:netherrack":32,"minecraft:firework_rocket":5,"minecraft:water_bucket":4,"minecraft:bread":6,"minecraft:copper_ingot":3,"minecraft:grass_block":1,"minecraft:stick":4,"minecraft:diorite":269,"minecraft:torch":143,"minecraft:sculk_catalyst":1,"minecraft:iron_door":3,"minecraft:iron_leggings":1,"minecraft:flowering_azalea":3,"minecraft:iron_axe":1,"minecraft:cactus":1,"minecraft:bucket":2,"minecraft:redstone":275,"minecraft:anvil":1,"minecraft:warped_nylium":1,"minecraft:oak_trapdoor":4,"minecraft:ender_chest":1,"minecraft:blaze_rod":2,"minecraft:tuff":326,"minecraft:composter":1,"minecraft:raw_iron":3,"minecraft:ender_eye":1,"minecraft:shulker_box":2,"minecraft:flint_and_steel":2,"minecraft:copper_ore":3,"minecraft:filled_map":1,"minecraft:diamond_chestplate":1,"minecraft:iron_chestplate":2,"minecraft:andesite":191,"minecraft:mossy_stone_bricks":1,"minecraft:golden_leggings":1,"minecraft:oak_sapling":2,"minecraft:diamond_boots":1,"minecraft:stone_pickaxe":1,"minecraft:wooden_pickaxe":1,"minecraft:raw_gold":139},"minecraft:picked_up":{"minecraft:iron_chestplate":7,"minecraft:chainmail_boots":1,"minecraft:anvil":5,"minecraft:stone_slab":291,"minecraft:diamond_sword":33,"minecraft:oak_stairs":1,"minecraft:wither_rose":2,"minecraft:enchanted_book":50,"minecraft:golden_sword":1,"minecraft:string":123,"minecraft:soul_soil":38,"minecraft:diamond_leggings":7,"minecraft:gold_nugget":54,"minecraft:cobbled_deepslate":895,"minecraft:golden_helmet":2,"minecraft:composter":15,"minecraft:purpur_pillar":5,"minecraft:acacia_log":4,"minecraft:golden_chestplate":3,"minecraft:rabbit_foot":2,"minecraft:stone_sword":9,"minecraft:iron_block":322,"minecraft:bookshelf":755,"minecraft:blaze_rod":53,"minecraft:iron_bars":28,"minecraft:birch_log":113,"minecraft:furnace_minecart":50,"minecraft:magma_block":3,"minecraft:cooked_beef":102,"minecraft:iron_door":3,"minecraft:water_bucket":20,"minecraft:brown_wool":5,"minecraft:smoker":4,"minecraft:flint":9,"minecraft:rabbit":2,"minecraft:diamond_helmet":10,"minecraft:moss_block":789,"minecraft:warped_wart_block":2,"minecraft:ink_sac":8,"minecraft:deepslate":5924,"minecraft:deepslate_gold_ore":11,"minecraft:granite":336,"minecraft:bread":23,"minecraft:crimson_roots":1,"minecraft:diamond_pickaxe":26,"minecraft:crafting_table":35,"minecraft:ominous_bottle":2,"minecraft:dragon_head":1,"minecraft:purpur_block":3,"minecraft:elytra":12,"minecraft:flint_and_steel":3,"minecraft:compass":1,"minecraft:iron_shovel":1,"minecraft:glass_pane":3,"minecraft:cracked_stone_bricks":1,"minecraft:deepslate_diamond_ore":2,"minecraft:beef":21,"minecraft:minecart":81,"minecraft:chest":50,"minecraft:diamond_hoe":2,"minecraft:egg":8,"minecraft:copper_ore":5,"minecraft:stone":13579,"minecraft:oak_door":7,"minecraft:carrot":76,"minecraft:redstone":565,"minecraft:stone_shovel":1,"minecraft:diamond_chestplate":11,"minecraft:diamond_boots":10,"minecraft:hay_block":1,"minecraft:purpur_slab":1,"minecraft:gold_ingot":25,"minecraft:totem_of_undying":2,"minecraft:mutton":9,"minecraft:white_wool":268,"minecraft:bone_block":24,"minecraft:rail":1275,"minecraft:oxeye_daisy":1,"minecraft:lapis_ore":7,"minecraft:birch_leaves":6,"minecraft:clock":1,"minecraft:red_mushroom":11,"minecraft:purpur_stairs":1,"minecraft:oak_log":401,"minecraft:golden_boots":5,"minecraft:paper":73,"minecraft:white_banner":4,"minecraft:stone_bricks":19,"minecraft:apple":26,"minecraft:kelp":183,"minecraft:warped_stem":159,"minecraft:iron_ore":5,"minecraft:iron_sword":2,"minecraft:flowering_azalea":16,"minecraft:gravel":429,"minecraft:spruce_sapling":2,"minecraft:spruce_log":7,"minecraft:crying_obsidian":2,"minecraft:dragon_egg":1,"minecraft:diamond_shovel":5,"minecraft:firework_rocket":44,"minecraft:coal_ore":27,"minecraft:slime_ball":9,"minecraft:stone_axe":1,"minecraft:short_grass":3,"minecraft:diamond_axe":13,"minecraft:deepslate_redstone_ore":12,"minecraft:gray_wool":7,"minecraft:warped_roots":13,"minecraft:baked_potato":366,"minecraft:warped_nylium":5,"minecraft:hopper":67,"minecraft:ender_pearl":4095,"minecraft:shulker_shell":12,"minecraft:wheat":14,"minecraft:ender_chest":25,"minecraft:nether_brick_fence":13,"minecraft:potion":3,"minecraft:raw_copper":29,"minecraft:deepslate_lapis_ore":3,"minecraft:iron_leggings":5,"minecraft:bucket":7,"minecraft:eye_armor_trim_smithing_template":21,"minecraft:ender_eye":8,"minecraft:azalea":18,"minecraft:iron_pickaxe":8,"minecraft:deepslate_iron_ore":21,"minecraft:iron_boots":2,"minecraft:furnace":9,"minecraft:stick":63,"minecraft:oak_fence":3,"minecraft:torch":325,"minecraft:snow_block":8,"minecraft:porkchop":4,"minecraft:diorite":335,"minecraft:cactus":2,"minecraft:rotten_flesh":400,"minecraft:obsidian":28,"minecraft:cobblestone":1066,"minecraft:enchanting_table":1,"minecraft:magma_cream":16,"minecraft:andesite":533,"minecraft:golden_leggings":2,"minecraft:beacon":1,"minecraft:potato":69,"minecraft:tuff":634,"minecraft:wither_skeleton_skull":7,"minecraft:acacia_boat":5,"minecraft:lapis_lazuli":1317,"minecraft:dirt":1103,"minecraft:name_tag":6,"minecraft:leather_boots":1,"minecraft:acacia_planks":7,"minecraft:glass":10,"minecraft:bone":423,"minecraft:bow":9,"minecraft:wheat_seeds":147,"minecraft:raw_gold":320,"minecraft:cobbled_deepslate_slab":2,"minecraft:bell":1,"minecraft:grindstone":2,"minecraft:mossy_stone_bricks":1,"minecraft:bamboo":241,"minecraft:oak_planks":211,"minecraft:cooked_porkchop":49,"minecraft:sand":48,"minecraft:melon":2,"minecraft:grass_block":486,"minecraft:warped_fence_gate":31,"minecraft:shulker_box":88,"minecraft:mossy_cobblestone":1,"minecraft:diamond":522,"minecraft:crossbow":7,"minecraft:bone_meal":33,"minecraft:golden_apple":65,"minecraft:emerald":34,"minecraft:oak_sapling":17,"minecraft:netherrack":257,"minecraft:oak_leaves":728,"minecraft:nether_star":1,"minecraft:end_stone_bricks":2,"minecraft:brown_mushroom":13,"minecraft:packed_ice":962,"minecraft:stone_brick_wall":138,"minecraft:gold_block":1,"minecraft:shield":6,"minecraft:oak_trapdoor":36,"minecraft:moss_carpet":152,"minecraft:iron_axe":7,"minecraft:oak_boat":4,"minecraft:light_gray_wool":4,"minecraft:lectern":162,"minecraft:sugar_cane":319,"minecraft:raw_iron":863,"minecraft:end_stone":293,"minecraft:copper_ingot":5,"minecraft:bowl":2,"minecraft:stone_button":1,"minecraft:dark_oak_planks":2,"minecraft:arrow":301,"minecraft:red_shulker_box":19,"minecraft:nether_bricks":144,"minecraft:saddle":2,"minecraft:basalt":2,"minecraft:glow_ink_sac":1,"minecraft:leather":51,"minecraft:birch_planks":7,"minecraft:crimson_fungus":1,"minecraft:yellow_bed":10,"minecraft:gunpowder":132,"minecraft:cooked_mutton":16,"minecraft:coast_armor_trim_smithing_template":3,"minecraft:rabbit_hide":2,"minecraft:iron_ingot":274,"minecraft:cooked_chicken":3,"minecraft:soul_sand":8,"minecraft:sculk_catalyst":1,"minecraft:book":589,"minecraft:scaffolding":268,"minecraft:warped_fungus":5,"minecraft:pumpkin":29,"minecraft:birch_boat":1,"minecraft:stone_brick_slab":87,"minecraft:quartz":94,"minecraft:dandelion":4,"minecraft:dripstone_block":9,"minecraft:raw_iron_block":1,"minecraft:blast_furnace":1,"minecraft:white_bed":29,"minecraft:gold_ore":5,"minecraft:spider_eye":71,"minecraft:iron_helmet":3,"minecraft:black_wool":8,"minecraft:coal":647},"minecraft:killed_by":{"minecraft:zombie":1,"minecraft:ender_dragon":5,"minecraft:wither":1,"minecraft:creeper":2,"minecraft:player":1,"minecraft:enderman":1,"minecraft:iron_golem":1}},"DataVersion":4082}