{"stats":{"minecraft:custom":{"minecraft:interact_with_crafting_table":176,"minecraft:bell_ring":6,"minecraft:leave_game":9,"minecraft:time_since_death":37783,"minecraft:damage_blocked_by_shield":5538,"minecraft:play_time":1427952,"minecraft:deaths":16,"minecraft:jump":24032,"minecraft:enchant_item":203,"minecraft:interact_with_furnace":175,"minecraft:traded_with_villager":1,"minecraft:sleep_in_bed":29,"minecraft:damage_dealt":341100,"minecraft:interact_with_smoker":29,"minecraft:inspect_dispenser":5,"minecraft:interact_with_anvil":44,"minecraft:inspect_hopper":26,"minecraft:sneak_time":222067,"minecraft:interact_with_blast_furnace":32,"minecraft:total_world_time":1427952,"minecraft:interact_with_stonecutter":4,"minecraft:time_since_rest":2165,"minecraft:swim_one_cm":350648,"minecraft:fly_one_cm":5952593,"minecraft:open_chest":1216,"minecraft:fall_one_cm":508731,"minecraft:open_shulker_box":93,"minecraft:sprint_one_cm":2960606,"minecraft:drop":600,"minecraft:talked_to_villager":237,"minecraft:interact_with_brewingstand":3,"minecraft:walk_on_water_one_cm":135113,"minecraft:open_enderchest":33,"minecraft:interact_with_beacon":2,"minecraft:player_kills":1,"minecraft:crouch_one_cm":1014472,"minecraft:mob_kills":12898,"minecraft:climb_one_cm":35906,"minecraft:walk_one_cm":3065370,"minecraft:walk_under_water_one_cm":234674,"minecraft:boat_one_cm":168370,"minecraft:raid_trigger":2,"minecraft:interact_with_grindstone":91,"minecraft:damage_taken":21050,"minecraft:damage_absorbed":241,"minecraft:aviate_one_cm":4953365},"minecraft:killed":{"minecraft:cave_spider":4,"minecraft:shulker":20,"minecraft:skeleton":74,"minecraft:magma_cube":57,"minecraft:ender_dragon":1,"minecraft:pillager":25,"minecraft:zombie":79,"minecraft:cow":17,"minecraft:evoker":1,"minecraft:vindicator":7,"minecraft:rabbit":1,"minecraft:ravager":1,"minecraft:enderman":11773,"minecraft:witch":3,"minecraft:spider":36,"minecraft:wither":1,"minecraft:piglin":3,"minecraft:pig":18,"minecraft:zombie_villager":3,"minecraft:creeper":37,"minecraft:sheep":7,"minecraft:blaze":22,"minecraft:slime":4,"minecraft:drowned":2,"minecraft:wither_skeleton":60,"minecraft:villager":2},"minecraft:used":{"minecraft:moss_block":11,"minecraft:dispenser":1,"minecraft:elytra":68,"minecraft:chest":111,"minecraft:stone":8407,"minecraft:rotten_flesh":16,"minecraft:soul_sand":5,"minecraft:packed_ice":277,"minecraft:lava_bucket":1,"minecraft:bow":11,"minecraft:ominous_bottle":2,"minecraft:furnace":10,"minecraft:potato":43,"minecraft:end_stone_bricks":1,"minecraft:powered_rail":2,"minecraft:wooden_pickaxe":7,"minecraft:composter":13,"minecraft:oak_leaves":767,"minecraft:golden_apple":4,"minecraft:sand":2,"minecraft:blast_furnace":2,"minecraft:deepslate_iron_ore":6,"minecraft:lectern":162,"minecraft:diamond_sword":3808,"minecraft:oak_boat":3,"minecraft:oak_trapdoor":34,"minecraft:enchanting_table":3,"minecraft:light_gray_carpet":3,"minecraft:netherrack":107,"minecraft:torch":135,"minecraft:dragon_egg":1,"minecraft:brewing_stand":1,"minecraft:anvil":7,"minecraft:oak_fence_gate":1,"minecraft:red_shulker_box":19,"minecraft:iron_block":171,"minecraft:iron_axe":132,"minecraft:totem_of_undying":1,"minecraft:bamboo":11,"minecraft:diamond_chestplate":69,"minecraft:beef":1,"minecraft:cobbled_deepslate":260,"minecraft:water_bucket":192,"minecraft:rail":73,"minecraft:crafting_table":19,"minecraft:white_bed":28,"minecraft:ender_eye":18,"minecraft:diamond_pickaxe":31362,"minecraft:diamond_shovel":2466,"minecraft:oak_button":1,"minecraft:iron_pickaxe":338,"minecraft:cobblestone":401,"minecraft:potion":2,"minecraft:cooked_porkchop":40,"minecraft:warped_fence_gate":18,"minecraft:glass_pane":24,"minecraft:bone_block":2,"minecraft:diamond_hoe":3341,"minecraft:shield":93,"minecraft:iron_sword":776,"minecraft:bell":1,"minecraft:nether_bricks":45,"minecraft:carrot":52,"minecraft:obsidian":18,"minecraft:glass":2,"minecraft:coal_ore":14,"minecraft:deepslate_diamond_ore":18,"minecraft:brown_carpet":3,"minecraft:scaffolding":176,"minecraft:golden_boots":1,"minecraft:wither_skeleton_skull":5,"minecraft:birch_leaves":1,"minecraft:stone_pickaxe":155,"minecraft:oak_planks":3,"minecraft:ender_pearl":49,"minecraft:sugar_cane":39,"minecraft:diamond_axe":893,"minecraft:mushroom_stew":6,"minecraft:deepslate_redstone_ore":2,"minecraft:crossbow":12,"minecraft:stone_brick_wall":871,"minecraft:end_stone":216,"minecraft:deepslate_lapis_ore":2,"minecraft:shears":761,"minecraft:polished_tuff":4,"minecraft:redstone_torch":1,"minecraft:firework_rocket":193,"minecraft:bread":11,"minecraft:deepslate":120,"minecraft:gravel":8,"minecraft:golden_helmet":1,"minecraft:grindstone":3,"minecraft:andesite":46,"minecraft:bone_meal":248,"minecraft:oak_fence":8,"minecraft:purpur_block":1,"minecraft:flint_and_steel":2,"minecraft:stone_shovel":107,"minecraft:ender_chest":20,"minecraft:stone_hoe":40,"minecraft:cooked_chicken":3,"minecraft:oak_door":6,"minecraft:dirt":560,"minecraft:white_carpet":35,"minecraft:hopper":105,"minecraft:diamond_helmet":2,"minecraft:shulker_box":58,"minecraft:granite":55,"minecraft:stone_brick_slab":357,"minecraft:bookshelf":45,"minecraft:soul_soil":23,"minecraft:minecart":2,"minecraft:cooked_beef":35,"minecraft:iron_leggings":1,"minecraft:cobbled_deepslate_wall":8,"minecraft:cooked_mutton":17,"minecraft:acacia_boat":5,"minecraft:iron_ore":5,"minecraft:baked_potato":251,"minecraft:beacon":1,"minecraft:stonecutter":1,"minecraft:smoker":5,"minecraft:apple":5,"minecraft:stone_slab":195,"minecraft:stone_axe":69,"minecraft:cobbled_deepslate_slab":11,"minecraft:bucket":194,"minecraft:yellow_bed":5},"minecraft:broken":{"minecraft:golden_boots":1,"minecraft:diamond_helmet":1,"minecraft:shears":3,"minecraft:diamond_pickaxe":1,"minecraft:iron_sword":2,"minecraft:shield":1,"minecraft:iron_pickaxe":1,"minecraft:diamond_hoe":1},"minecraft:crafted":{"minecraft:yellow_wool":4,"minecraft:smooth_stone":13,"minecraft:blaze_powder":14,"minecraft:diamond_shovel":2,"minecraft:bookshelf":16,"minecraft:shulker_box":6,"minecraft:glass":23,"minecraft:diamond_helmet":3,"minecraft:diamond_leggings":2,"minecraft:beacon":1,"minecraft:emerald":1,"minecraft:cooked_porkchop":2,"minecraft:diamond_axe":3,"minecraft:cobbled_deepslate_wall":12,"minecraft:stone_slab":6,"minecraft:iron_pickaxe":3,"minecraft:iron_block":73,"minecraft:gold_ingot":150,"minecraft:composter":17,"minecraft:stone_shovel":2,"minecraft:smooth_stone_slab":6,"minecraft:diamond_hoe":3,"minecraft:bone_meal":486,"minecraft:white_carpet":24,"minecraft:polished_tuff":4,"minecraft:red_shulker_box":1,"minecraft:stone_pickaxe":1,"minecraft:diamond_boots":2,"minecraft:dark_oak_planks":4,"minecraft:enchanting_table":1,"minecraft:oak_fence_gate":1,"minecraft:golden_apple":2,"minecraft:iron_leggings":3,"minecraft:white_bed":10,"minecraft:grindstone":1,"minecraft:oak_planks":1336,"minecraft:stone":9,"minecraft:warped_planks":636,"minecraft:brown_carpet":3,"minecraft:hopper":36,"minecraft:stone_brick_slab":30,"minecraft:bow":2,"minecraft:iron_boots":2,"minecraft:chest":104,"minecraft:oak_button":1,"minecraft:stone_hoe":1,"minecraft:ender_eye":14,"minecraft:stone_bricks":144,"minecraft:oak_fence":9,"minecraft:golden_boots":1,"minecraft:smoker":1,"minecraft:oak_slab":120,"minecraft:crafting_table":7,"minecraft:spruce_planks":24,"minecraft:wooden_pickaxe":1,"minecraft:baked_potato":217,"minecraft:iron_helmet":3,"minecraft:birch_planks":436,"minecraft:brewing_stand":1,"minecraft:dispenser":1,"minecraft:book":1,"minecraft:iron_chestplate":2,"minecraft:paper":174,"minecraft:diamond_pickaxe":8,"minecraft:yellow_dye":4,"minecraft:shield":1,"minecraft:warped_fence_gate":249,"minecraft:stick":1120,"minecraft:iron_ingot":319,"minecraft:gray_carpet":3,"minecraft:redstone_torch":7,"minecraft:light_gray_carpet":3,"minecraft:shears":6,"minecraft:cobbled_deepslate_slab":12,"minecraft:oak_door":3,"minecraft:raw_iron":9,"minecraft:stone_brick_wall":120,"minecraft:furnace":9,"minecraft:blast_furnace":2,"minecraft:mushroom_stew":8,"minecraft:glass_pane":32,"minecraft:oak_trapdoor":36,"minecraft:flint_and_steel":1,"minecraft:scaffolding":126,"minecraft:iron_axe":2,"minecraft:spruce_wood":3,"minecraft:minecart":8,"minecraft:cooked_beef":8,"minecraft:red_dye":1,"minecraft:diamond_sword":5,"minecraft:powered_rail":6,"minecraft:yellow_carpet":6,"minecraft:iron_sword":4,"minecraft:bowl":4,"minecraft:bucket":4,"minecraft:stone_axe":1,"minecraft:air":0,"minecraft:acacia_boat":1,"minecraft:oak_boat":1,"minecraft:gold_nugget":63,"minecraft:stonecutter":1,"minecraft:anvil":3,"minecraft:acacia_planks":16,"minecraft:torch":180,"minecraft:diamond_chestplate":2,"minecraft:firework_rocket":198},"minecraft:mined":{"minecraft:dragon_wall_head":1,"minecraft:red_shulker_box":19,"minecraft:white_bed":7,"minecraft:obsidian":16,"minecraft:granite":1489,"minecraft:acacia_log":4,"minecraft:stone_brick_wall":36,"minecraft:purpur_slab":1,"minecraft:hopper":69,"minecraft:crimson_fungus":1,"minecraft:oxeye_daisy":1,"minecraft:spawner":1,"minecraft:tall_seagrass":2,"minecraft:magma_block":1,"minecraft:cobbled_deepslate":17,"minecraft:fire":82,"minecraft:pumpkin":4,"minecraft:moss_carpet":129,"minecraft:deepslate_lapis_ore":44,"minecraft:enchanting_table":1,"minecraft:dirt_path":10,"minecraft:iron_block":171,"minecraft:brown_mushroom":9,"minecraft:kelp_plant":30,"minecraft:smoker":4,"minecraft:soul_fire":2,"minecraft:powder_snow":4,"minecraft:torch":5,"minecraft:blast_furnace":1,"minecraft:melon":1,"minecraft:sugar_cane":114,"minecraft:wheat":1,"minecraft:warped_fungus":3,"minecraft:deepslate":9384,"minecraft:shulker_box":58,"minecraft:end_stone":235,"minecraft:nether_bricks":147,"minecraft:cobbled_deepslate_slab":1,"minecraft:crimson_roots":1,"minecraft:moss_block":2527,"minecraft:red_mushroom":11,"minecraft:kelp":40,"minecraft:redstone_ore":17,"minecraft:andesite":1055,"minecraft:potatoes":16,"minecraft:rail":70,"minecraft:warped_stem":165,"minecraft:bamboo":14,"minecraft:bone_block":24,"minecraft:ender_chest":21,"minecraft:glass_pane":4,"minecraft:soul_sand":7,"minecraft:stone_brick_slab":20,"minecraft:dandelion":4,"minecraft:cobbled_deepslate_wall":1,"minecraft:short_grass":441,"minecraft:warped_roots":4,"minecraft:purpur_pillar":7,"minecraft:tall_grass":115,"minecraft:copper_ore":110,"minecraft:deepslate_gold_ore":140,"minecraft:diorite":1390,"minecraft:warped_wart_block":1,"minecraft:spruce_log":7,"minecraft:birch_leaves":9,"minecraft:gravel":514,"minecraft:dripstone_block":1,"minecraft:cobweb":5,"minecraft:stone_bricks":7,"minecraft:gold_ore":14,"minecraft:warped_fence_gate":5,"minecraft:sculk_vein":16,"minecraft:grass_block":484,"minecraft:soul_soil":19,"minecraft:composter":11,"minecraft:frosted_ice":8,"minecraft:raw_iron_block":1,"minecraft:sculk_catalyst":2,"minecraft:iron_ore":316,"minecraft:polished_tuff":4,"minecraft:anvil":4,"minecraft:iron_bars":1,"minecraft:azalea":50,"minecraft:end_stone_bricks":2,"minecraft:deepslate_redstone_ore":97,"minecraft:purpur_stairs":1,"minecraft:beacon":1,"minecraft:chest":52,"minecraft:nether_quartz_ore":49,"minecraft:cobblestone":168,"minecraft:grindstone":2,"minecraft:oak_planks":14,"minecraft:iron_door":4,"minecraft:wall_torch":5,"minecraft:deepslate_copper_ore":2,"minecraft:seagrass":1,"minecraft:warped_nylium":12,"minecraft:birch_log":115,"minecraft:purpur_block":3,"minecraft:oak_log":330,"minecraft:sand":45,"minecraft:dirt":1601,"minecraft:wither_skeleton_skull":2,"minecraft:netherrack":194,"minecraft:oak_leaves":813,"minecraft:nether_gold_ore":5,"minecraft:crying_obsidian":1,"minecraft:tuff":1123,"minecraft:deepslate_diamond_ore":213,"minecraft:oak_door":6,"minecraft:spruce_leaves":19,"minecraft:large_fern":3,"minecraft:oak_trapdoor":7,"minecraft:furnace":7,"minecraft:carrots":4,"minecraft:nether_sprouts":1,"minecraft:gold_block":1,"minecraft:bell":1,"minecraft:nether_brick_fence":10,"minecraft:bookshelf":60,"minecraft:deepslate_iron_ore":172,"minecraft:packed_ice":989,"minecraft:stone":13456,"minecraft:scaffolding":76,"minecraft:flowering_azalea":27,"minecraft:snow_block":5,"minecraft:basalt":2,"minecraft:oak_fence":2,"minecraft:crafting_table":16,"minecraft:sculk_sensor":12,"minecraft:lectern":159,"minecraft:stone_slab":6,"minecraft:lapis_ore":20,"minecraft:sculk":200,"minecraft:cactus":1,"minecraft:ice":1,"minecraft:yellow_bed":4,"minecraft:coal_ore":284,"minecraft:cracked_stone_bricks":1,"minecraft:mossy_stone_bricks":1},"minecraft:dropped":{"minecraft:iron_sword":2,"minecraft:short_grass":3,"minecraft:lapis_lazuli":102,"minecraft:cooked_beef":2,"minecraft:glass_bottle":2,"minecraft:diamond":29,"minecraft:crafting_table":2,"minecraft:warped_roots":5,"minecraft:cracked_stone_bricks":1,"minecraft:saddle":1,"minecraft:purpur_stairs":1,"minecraft:elytra":1,"minecraft:dirt":14,"minecraft:melon":1,"minecraft:stone_button":1,"minecraft:bone_meal":220,"minecraft:sand":1,"minecraft:iron_pickaxe":2,"minecraft:dark_oak_planks":2,"minecraft:white_wool":3,"minecraft:bone":13,"minecraft:oak_door":2,"minecraft:stone_axe":1,"minecraft:compass":1,"minecraft:sugar_cane":4,"minecraft:golden_chestplate":1,"minecraft:cobbled_deepslate":32,"minecraft:rotten_flesh":52,"minecraft:oak_planks":23,"minecraft:end_stone":3,"minecraft:nether_brick_fence":9,"minecraft:end_stone_bricks":1,"minecraft:warped_wart_block":1,"minecraft:crying_obsidian":1,"minecraft:egg":2,"minecraft:enchanted_book":2,"minecraft:iron_ingot":12,"minecraft:birch_leaves":4,"minecraft:wheat_seeds":11,"minecraft:clock":1,"minecraft:deepslate_redstone_ore":2,"minecraft:dripstone_block":3,"minecraft:book":110,"minecraft:cobblestone":96,"minecraft:iron_helmet":2,"minecraft:granite":137,"minecraft:coal":10,"minecraft:golden_apple":64,"minecraft:mushroom_stew":2,"minecraft:oxeye_daisy":1,"minecraft:lapis_ore":7,"minecraft:potion":2,"minecraft:oak_stairs":1,"minecraft:pumpkin":4,"minecraft:white_banner":1,"minecraft:iron_shovel":1,"minecraft:paper":12,"minecraft:string":8,"minecraft:acacia_planks":7,"minecraft:spruce_sapling":2,"minecraft:stone_brick_slab":8,"minecraft:snow_block":4,"minecraft:purpur_pillar":5,"minecraft:moss_carpet":16,"minecraft:stone_sword":4,"minecraft:smooth_stone_slab":6,"minecraft:deepslate":3505,"minecraft:diamond_hoe":1,"minecraft:iron_boots":3,"minecraft:stone_slab":16,"minecraft:nether_bricks":17,"minecraft:deepslate_lapis_ore":1,"minecraft:diamond_sword":12,"minecraft:potato":2,"minecraft:stone":252,"minecraft:diamond_pickaxe":3,"minecraft:yellow_bed":3,"minecraft:redstone_torch":4,"minecraft:spider_eye":20,"minecraft:stone_bricks":4,"minecraft:bamboo":5,"minecraft:bow":1,"minecraft:magma_block":1,"minecraft:soul_sand":2,"minecraft:moss_block":28,"minecraft:brown_mushroom":1,"minecraft:diamond_axe":1,"minecraft:baked_potato":64,"minecraft:ender_pearl":2416,"minecraft:leather":1,"minecraft:deepslate_gold_ore":2,"minecraft:packed_ice":51,"minecraft:warped_fence_gate":3,"minecraft:coast_armor_trim_smithing_template":3,"minecraft:gold_ingot":7,"minecraft:gravel":200,"minecraft:purpur_block":2,"minecraft:diamond_shovel":2,"minecraft:carrot":7,"minecraft:gunpowder":2,"minecraft:stone_brick_wall":195,"minecraft:azalea":1,"minecraft:basalt":2,"minecraft:iron_bars":1,"minecraft:arrow":40,"minecraft:quartz":26,"minecraft:oak_leaves":3,"minecraft:netherrack":32,"minecraft:firework_rocket":5,"minecraft:water_bucket":3,"minecraft:bread":6,"minecraft:grass_block":1,"minecraft:diorite":269,"minecraft:torch":143,"minecraft:sculk_catalyst":1,"minecraft:iron_door":3,"minecraft:iron_leggings":1,"minecraft:flowering_azalea":3,"minecraft:iron_axe":1,"minecraft:cactus":1,"minecraft:bucket":1,"minecraft:redstone":275,"minecraft:anvil":1,"minecraft:warped_nylium":1,"minecraft:oak_trapdoor":4,"minecraft:ender_chest":1,"minecraft:blaze_rod":2,"minecraft:tuff":312,"minecraft:composter":1,"minecraft:raw_iron":3,"minecraft:ender_eye":1,"minecraft:shulker_box":2,"minecraft:flint_and_steel":2,"minecraft:copper_ore":3,"minecraft:filled_map":1,"minecraft:iron_chestplate":2,"minecraft:andesite":191,"minecraft:mossy_stone_bricks":1,"minecraft:oak_sapling":2,"minecraft:diamond_boots":1,"minecraft:stone_pickaxe":1,"minecraft:wooden_pickaxe":1,"minecraft:raw_gold":139},"minecraft:picked_up":{"minecraft:iron_chestplate":7,"minecraft:anvil":5,"minecraft:stone_slab":211,"minecraft:diamond_sword":23,"minecraft:oak_stairs":1,"minecraft:wither_rose":2,"minecraft:enchanted_book":24,"minecraft:golden_sword":1,"minecraft:string":71,"minecraft:soul_soil":38,"minecraft:diamond_leggings":4,"minecraft:gold_nugget":54,"minecraft:cobbled_deepslate":827,"minecraft:composter":15,"minecraft:purpur_pillar":5,"minecraft:acacia_log":4,"minecraft:golden_chestplate":1,"minecraft:rabbit_foot":2,"minecraft:stone_sword":9,"minecraft:iron_block":322,"minecraft:bookshelf":6,"minecraft:blaze_rod":53,"minecraft:iron_bars":28,"minecraft:birch_log":113,"minecraft:magma_block":3,"minecraft:cooked_beef":48,"minecraft:iron_door":3,"minecraft:water_bucket":14,"minecraft:brown_wool":3,"minecraft:smoker":4,"minecraft:flint":9,"minecraft:rabbit":2,"minecraft:diamond_helmet":5,"minecraft:moss_block":789,"minecraft:warped_wart_block":2,"minecraft:deepslate":5798,"minecraft:deepslate_gold_ore":10,"minecraft:granite":336,"minecraft:bread":23,"minecraft:crimson_roots":1,"minecraft:diamond_pickaxe":16,"minecraft:crafting_table":20,"minecraft:ominous_bottle":2,"minecraft:dragon_head":1,"minecraft:purpur_block":3,"minecraft:elytra":7,"minecraft:flint_and_steel":3,"minecraft:compass":1,"minecraft:iron_shovel":1,"minecraft:glass_pane":3,"minecraft:cracked_stone_bricks":1,"minecraft:deepslate_diamond_ore":2,"minecraft:beef":21,"minecraft:minecart":2,"minecraft:chest":50,"minecraft:diamond_hoe":2,"minecraft:egg":6,"minecraft:copper_ore":5,"minecraft:stone":12823,"minecraft:oak_door":7,"minecraft:carrot":57,"minecraft:redstone":565,"minecraft:stone_shovel":1,"minecraft:diamond_chestplate":5,"minecraft:diamond_boots":5,"minecraft:purpur_slab":1,"minecraft:gold_ingot":25,"minecraft:totem_of_undying":2,"minecraft:mutton":9,"minecraft:white_wool":85,"minecraft:bone_block":24,"minecraft:rail":76,"minecraft:oxeye_daisy":1,"minecraft:lapis_ore":7,"minecraft:birch_leaves":5,"minecraft:clock":1,"minecraft:red_mushroom":11,"minecraft:purpur_stairs":1,"minecraft:oak_log":333,"minecraft:golden_boots":5,"minecraft:paper":42,"minecraft:white_banner":4,"minecraft:stone_bricks":7,"minecraft:apple":24,"minecraft:kelp":183,"minecraft:warped_stem":159,"minecraft:iron_ore":5,"minecraft:iron_sword":2,"minecraft:flowering_azalea":16,"minecraft:gravel":427,"minecraft:spruce_sapling":2,"minecraft:spruce_log":7,"minecraft:crying_obsidian":2,"minecraft:dragon_egg":1,"minecraft:diamond_shovel":5,"minecraft:firework_rocket":30,"minecraft:coal_ore":27,"minecraft:slime_ball":9,"minecraft:stone_axe":1,"minecraft:short_grass":3,"minecraft:diamond_axe":5,"minecraft:deepslate_redstone_ore":12,"minecraft:gray_wool":4,"minecraft:warped_roots":13,"minecraft:baked_potato":292,"minecraft:warped_nylium":5,"minecraft:hopper":67,"minecraft:ender_pearl":2705,"minecraft:shulker_shell":12,"minecraft:wheat":5,"minecraft:ender_chest":25,"minecraft:nether_brick_fence":13,"minecraft:potion":2,"minecraft:raw_copper":29,"minecraft:deepslate_lapis_ore":3,"minecraft:iron_leggings":5,"minecraft:bucket":3,"minecraft:eye_armor_trim_smithing_template":20,"minecraft:ender_eye":8,"minecraft:azalea":18,"minecraft:iron_pickaxe":8,"minecraft:deepslate_iron_ore":21,"minecraft:iron_boots":2,"minecraft:furnace":7,"minecraft:stick":11,"minecraft:torch":150,"minecraft:porkchop":4,"minecraft:snow_block":8,"minecraft:diorite":332,"minecraft:cactus":2,"minecraft:rotten_flesh":137,"minecraft:obsidian":27,"minecraft:cobblestone":965,"minecraft:enchanting_table":1,"minecraft:magma_cream":16,"minecraft:andesite":521,"minecraft:beacon":1,"minecraft:potato":69,"minecraft:tuff":634,"minecraft:wither_skeleton_skull":7,"minecraft:acacia_boat":5,"minecraft:dirt":923,"minecraft:lapis_lazuli":807,"minecraft:bone":371,"minecraft:acacia_planks":7,"minecraft:bow":7,"minecraft:wheat_seeds":91,"minecraft:raw_gold":306,"minecraft:cobbled_deepslate_slab":2,"minecraft:bell":1,"minecraft:grindstone":2,"minecraft:mossy_stone_bricks":1,"minecraft:bamboo":151,"minecraft:oak_planks":35,"minecraft:cooked_porkchop":47,"minecraft:sand":45,"minecraft:melon":2,"minecraft:grass_block":323,"minecraft:warped_fence_gate":5,"minecraft:shulker_box":66,"minecraft:mossy_cobblestone":1,"minecraft:diamond":522,"minecraft:crossbow":7,"minecraft:bone_meal":33,"minecraft:golden_apple":65,"minecraft:emerald":7,"minecraft:oak_sapling":17,"minecraft:netherrack":257,"minecraft:oak_leaves":728,"minecraft:nether_star":1,"minecraft:end_stone_bricks":2,"minecraft:brown_mushroom":13,"minecraft:packed_ice":956,"minecraft:stone_brick_wall":87,"minecraft:gold_block":1,"minecraft:shield":6,"minecraft:oak_trapdoor":7,"minecraft:moss_carpet":152,"minecraft:iron_axe":7,"minecraft:oak_boat":4,"minecraft:light_gray_wool":3,"minecraft:lectern":162,"minecraft:sugar_cane":207,"minecraft:raw_iron":863,"minecraft:end_stone":293,"minecraft:bowl":2,"minecraft:stone_button":1,"minecraft:dark_oak_planks":2,"minecraft:arrow":247,"minecraft:red_shulker_box":19,"minecraft:nether_bricks":144,"minecraft:saddle":2,"minecraft:basalt":2,"minecraft:glow_ink_sac":1,"minecraft:leather":30,"minecraft:birch_planks":7,"minecraft:crimson_fungus":1,"minecraft:yellow_bed":8,"minecraft:gunpowder":92,"minecraft:cooked_mutton":14,"minecraft:coast_armor_trim_smithing_template":3,"minecraft:rabbit_hide":2,"minecraft:iron_ingot":122,"minecraft:cooked_chicken":3,"minecraft:soul_sand":8,"minecraft:sculk_catalyst":1,"minecraft:book":400,"minecraft:scaffolding":193,"minecraft:warped_fungus":5,"minecraft:pumpkin":8,"minecraft:birch_boat":1,"minecraft:stone_brick_slab":48,"minecraft:quartz":94,"minecraft:dandelion":4,"minecraft:raw_iron_block":1,"minecraft:dripstone_block":9,"minecraft:blast_furnace":1,"minecraft:white_bed":25,"minecraft:spider_eye":52,"minecraft:iron_helmet":3,"minecraft:black_wool":4,"minecraft:coal":418},"minecraft:killed_by":{"minecraft:ender_dragon":5,"minecraft:wither":1,"minecraft:creeper":1,"minecraft:player":1,"minecraft:enderman":1}},"DataVersion":4082}